row_id,income
2,0.0
8,0.0
9,0.0
10,0.0
11,0.0
12,0.0
13,0.0
20,0.0
21,0.0
24,0.0
30,0.0
34,0.0
39,0.0
42,0.0
43,0.0
44,0.0
45,0.0
47,0.0
49,0.0
51,0.0
52,0.0
54,0.0
58,0.0
61,0.0
62,0.0
63,0.0
64,0.0
65,0.0
68,0.0
70,0.0
71,0.0
83,0.0
87,0.0
91,0.0
93,0.0
100,0.0
102,0.0
104,0.0
105,0.0
106,0.0
107,0.0
108,0.0
111,0.0
113,0.0
114,0.0
116,0.0
118,0.0
121,0.0
122,0.0
125,0.0
134,0.0
137,0.0
139,0.0
148,0.0
149,0.0
151,0.0
156,0.0
157,0.0
160,0.0
163,0.0
167,0.0
168,0.0
174,0.0
175,0.0
180,0.0
184,0.0
189,0.0
190,0.0
194,0.0
196,0.0
201,0.0
206,0.0
208,0.0
214,0.0
215,0.0
221,0.0
222,0.0
232,0.0
239,0.0
240,0.0
241,0.0
247,0.0
248,0.0
249,0.0
251,0.0
252,0.0
254,0.0
260,0.0
261,0.0
262,0.0
263,0.0
267,0.0
271,0.0
272,0.0
274,0.0
275,0.0
276,0.0
277,0.0
278,0.0
281,0.0
283,0.0
286,0.0
290,0.0
293,0.0
298,0.0
306,0.0
310,0.0
311,0.0
316,0.0
320,0.0
321,0.0
324,0.0
325,0.0
327,0.0
334,0.0
340,0.0
341,0.0
342,0.0
345,0.0
347,0.0
348,0.0
349,0.0
351,0.0
355,0.0
366,0.0
368,0.0
369,0.0
370,0.0
373,0.0
375,0.0
376,0.0
379,0.0
384,0.0
388,0.0
390,0.0
394,0.0
406,0.0
407,0.0
412,0.0
414,0.0
416,0.0
418,0.0
424,0.0
425,0.0
426,0.0
432,0.0
434,0.0
435,0.0
437,0.0
446,0.0
447,0.0
454,0.0
459,0.0
463,0.0
464,0.0
465,0.0
466,0.0
470,0.0
471,0.0
472,0.0
479,0.0
483,0.0
488,0.0
489,0.0
498,0.0
499,0.0
501,0.0
502,0.0
504,0.0
506,0.0
507,0.0
510,0.0
512,0.0
513,0.0
514,0.0
518,0.0
519,0.0
527,0.0
529,0.0
530,0.0
534,0.0
536,0.0
539,0.0
542,0.0
544,0.0
548,0.0
549,0.0
553,0.0
555,0.0
558,0.0
566,0.0
567,0.0
570,0.0
574,0.0
576,0.0
578,0.0
579,0.0
582,0.0
585,0.0
586,0.0
592,0.0
593,0.0
594,0.0
606,0.0
608,0.0
609,0.0
611,0.0
612,0.0
613,0.0
614,0.0
617,0.0
621,0.0
622,0.0
624,0.0
625,0.0
626,0.0
627,0.0
630,0.0
634,0.0
637,0.0
639,0.0
640,0.0
641,0.0
642,0.0
644,0.0
649,0.0
650,0.0
653,0.0
654,0.0
656,0.0
659,0.0
660,0.0
664,0.0
667,0.0
670,0.0
672,0.0
673,0.0
675,0.0
678,0.0
681,0.0
683,0.0
684,0.0
685,0.0
686,0.0
688,0.0
690,0.0
694,0.0
708,0.0
712,0.0
715,0.0
717,0.0
718,0.0
719,0.0
722,0.0
728,0.0
733,0.0
734,0.0
738,0.0
739,0.0
741,0.0
744,0.0
748,0.0
749,0.0
750,0.0
752,0.0
754,0.0
757,0.0
760,0.0
766,0.0
769,0.0
771,0.0
773,0.0
774,0.0
782,0.0
785,0.0
786,0.0
788,0.0
794,0.0
796,0.0
798,0.0
800,0.0
802,0.0
808,0.0
809,0.0
812,0.0
815,0.0
822,0.0
830,0.0
834,0.0
838,0.0
842,0.0
843,0.0
844,0.0
845,0.0
849,0.0
853,0.0
856,0.0
857,0.0
862,0.0
863,0.0
867,0.0
869,0.0
873,0.0
877,0.0
878,0.0
881,0.0
882,0.0
883,0.0
885,0.0
889,0.0
890,0.0
893,0.0
895,0.0
896,0.0
898,0.0
900,0.0
901,0.0
906,0.0
909,0.0
911,0.0
913,0.0
914,0.0
915,0.0
916,0.0
923,0.0
927,0.0
929,0.0
931,0.0
934,0.0
935,0.0
937,0.0
938,0.0
942,0.0
945,0.0
947,0.0
949,0.0
951,0.0
954,0.0
955,0.0
956,0.0
957,0.0
958,0.0
959,0.0
963,0.0
965,0.0
966,0.0
967,0.0
968,0.0
969,0.0
970,0.0
974,0.0
976,0.0
980,0.0
986,0.0
988,0.0
989,0.0
990,0.0
991,0.0
992,0.0
994,0.0
996,0.0
1000,0.0
1004,0.0
1008,0.0
1011,0.0
1012,0.0
1018,0.0
1020,0.0
1023,0.0
1024,0.0
1025,0.0
1026,0.0
1029,0.0
1031,0.0
1034,0.0
1042,0.0
1043,0.0
1044,0.0
1053,0.0
1057,0.0
1058,0.0
1060,0.0
1064,0.0
1070,0.0
1072,0.0
1073,0.0
1076,0.0
1077,0.0
1078,0.0
1080,0.0
1084,0.0
1086,0.0
1088,0.0
1090,0.0
1091,0.0
1094,0.0
1098,0.0
1099,0.0
1100,0.0
1105,0.0
1106,0.0
1109,0.0
1117,0.0
1119,0.0
1120,0.0
1124,0.0
1125,0.0
1127,0.0
1128,0.0
1133,0.0
1136,0.0
1138,0.0
1139,0.0
1142,0.0
1144,0.0
1145,0.0
1147,0.0
1149,0.0
1150,0.0
1156,0.0
1157,0.0
1160,0.0
1166,0.0
1169,0.0
1170,0.0
1172,0.0
1173,0.0
1177,0.0
1180,0.0
1181,0.0
1183,0.0
1184,0.0
1185,0.0
1194,0.0
1196,0.0
1197,0.0
1199,0.0
1205,0.0
1207,0.0
1208,0.0
1210,0.0
1211,0.0
1214,0.0
1215,0.0
1218,0.0
1219,0.0
1225,0.0
1226,0.0
1231,0.0
1232,0.0
1235,0.0
1238,0.0
1239,0.0
1242,0.0
1245,0.0
1250,0.0
1251,0.0
1252,0.0
1255,0.0
1256,0.0
1258,0.0
1262,0.0
1264,0.0
1268,0.0
1271,0.0
1274,0.0
1276,0.0
1278,0.0
1281,0.0
1283,0.0
1286,0.0
1287,0.0
1290,0.0
1295,0.0
1296,0.0
1297,0.0
1304,0.0
1307,0.0
1319,0.0
1321,0.0
1325,0.0
1327,0.0
1330,0.0
1332,0.0
1333,0.0
1335,0.0
1337,0.0
1338,0.0
1340,0.0
1346,0.0
1348,0.0
1349,0.0
1350,0.0
1356,0.0
1357,0.0
1361,0.0
1365,0.0
1367,0.0
1373,0.0
1375,0.0
1376,0.0
1377,0.0
1381,0.0
1383,0.0
1389,0.0
1393,0.0
1394,0.0
1399,0.0
1400,0.0
1408,0.0
1409,0.0
1412,0.0
1414,0.0
1415,0.0
1419,0.0
1423,0.0
1427,0.0
1428,0.0
1429,0.0
1433,0.0
1435,0.0
1436,0.0
1437,0.0
1445,0.0
1449,0.0
1454,0.0
1463,0.0
1466,0.0
1467,0.0
1473,0.0
1474,0.0
1475,0.0
1476,0.0
1480,0.0
1484,0.0
1487,0.0
1490,0.0
1492,0.0
1493,0.0
1495,0.0
1497,0.0
1501,0.0
1502,0.0
1503,0.0
1506,0.0
1507,0.0
1510,0.0
1511,0.0
1512,0.0
1516,0.0
1517,0.0
1519,0.0
1520,0.0
1525,0.0
1528,0.0
1530,0.0
1532,0.0
1534,0.0
1535,0.0
1536,0.0
1537,0.0
1539,0.0
1540,0.0
1542,0.0
1545,0.0
1548,0.0
1551,0.0
1552,0.0
1553,0.0
1554,0.0
1556,0.0
1558,0.0
1560,0.0
1563,0.0
1568,0.0
1569,0.0
1570,0.0
1572,0.0
1576,0.0
1582,0.0
1585,0.0
1586,0.0
1592,0.0
1595,0.0
1597,0.0
1598,0.0
1599,0.0
1600,0.0
1604,0.0
1609,0.0
1611,0.0
1612,0.0
1614,0.0
1621,0.0
1623,0.0
1624,0.0
1626,0.0
1630,0.0
1632,0.0
1638,0.0
1647,0.0
1648,0.0
1650,0.0
1652,0.0
1653,0.0
1655,0.0
1658,0.0
1659,0.0
1661,0.0
1664,0.0
1667,0.0
1669,0.0
1670,0.0
1674,0.0
1675,0.0
1677,0.0
1680,0.0
1682,0.0
1683,0.0
1684,0.0
1685,0.0
1687,0.0
1690,0.0
1695,0.0
1696,0.0
1702,0.0
1703,0.0
1704,0.0
1708,0.0
1711,0.0
1716,0.0
1725,0.0
1730,0.0
1732,0.0
1737,0.0
1740,0.0
1743,0.0
1745,0.0
1749,0.0
1751,0.0
1754,0.0
1755,0.0
1756,0.0
1761,0.0
1763,0.0
1766,0.0
1768,0.0
1771,0.0
1772,0.0
1773,0.0
1774,0.0
1775,0.0
1779,0.0
1781,0.0
1782,0.0
1787,0.0
1790,0.0
1792,0.0
1797,0.0
1798,0.0
1804,0.0
1809,0.0
1818,0.0
1819,0.0
1820,0.0
1822,0.0
1823,0.0
1826,0.0
1827,0.0
1828,0.0
1829,0.0
1839,0.0
1840,0.0
1841,0.0
1844,0.0
1846,0.0
1848,0.0
1851,0.0
1852,0.0
1857,0.0
1859,0.0
1862,0.0
1866,0.0
1867,0.0
1870,0.0
1871,0.0
1873,0.0
1874,0.0
1878,0.0
1879,0.0
1883,0.0
1885,0.0
1887,0.0
1890,0.0
1892,0.0
1893,0.0
1896,0.0
1903,0.0
1907,0.0
1908,0.0
1910,0.0
1913,0.0
1914,0.0
1915,0.0
1919,0.0
1920,0.0
1921,0.0
1925,0.0
1927,0.0
1929,0.0
1935,0.0
1936,0.0
1937,0.0
1942,0.0
1945,0.0
1946,0.0
1952,0.0
1953,0.0
1954,0.0
1955,0.0
1957,0.0
1958,0.0
1959,0.0
1960,0.0
1961,0.0
1964,0.0
1969,0.0
1971,0.0
1972,0.0
1974,0.0
1975,0.0
1976,0.0
1978,0.0
1979,0.0
1981,0.0
1982,0.0
1985,0.0
1987,0.0
1992,0.0
1993,0.0
1994,0.0
1996,0.0
1997,0.0
2000,0.0
2003,0.0
2007,0.0
2008,0.0
2010,0.0
2014,0.0
2016,0.0
2017,0.0
2019,0.0
2020,0.0
2025,0.0
2031,0.0
2037,0.0
2038,0.0
2039,0.0
2041,0.0
2042,0.0
2044,0.0
2052,0.0
2056,0.0
2061,0.0
2062,0.0
2064,0.0
2065,0.0
2067,0.0
2070,0.0
2074,0.0
2075,0.0
2077,0.0
2078,0.0
2079,0.0
2080,0.0
2083,0.0
2084,0.0
2093,0.0
2094,0.0
2095,0.0
2096,0.0
2097,0.0
2100,0.0
2103,0.0
2105,0.0
2115,0.0
2117,0.0
2118,0.0
2122,0.0
2124,0.0
2127,0.0
2129,0.0
2134,0.0
2137,0.0
2139,0.0
2141,0.0
2143,0.0
2148,0.0
2150,0.0
2151,0.0
2154,0.0
2159,0.0
2160,0.0
2165,0.0
2166,0.0
2168,0.0
2170,0.0
2174,0.0
2177,0.0
2178,0.0
2179,0.0
2180,0.0
2181,0.0
2187,0.0
2189,0.0
2192,0.0
2195,0.0
2196,0.0
2197,0.0
2198,0.0
2200,0.0
2202,0.0
2203,0.0
2204,0.0
2206,0.0
2209,0.0
2211,0.0
2213,0.0
2217,0.0
2221,0.0
2222,0.0
2226,0.0
2234,0.0
2242,0.0
2248,0.0
2253,0.0
2254,0.0
2258,0.0
2260,0.0
2265,0.0
2266,0.0
2268,0.0
2270,0.0
2272,0.0
2277,0.0
2278,0.0
2283,0.0
2284,0.0
2288,0.0
2289,0.0
2292,0.0
2295,0.0
2300,0.0
2302,0.0
2304,0.0
2310,0.0
2311,0.0
2314,0.0
2315,0.0
2317,0.0
2318,0.0
2319,0.0
2323,0.0
2324,0.0
2325,0.0
2331,0.0
2333,0.0
2335,0.0
2337,0.0
2338,0.0
2341,0.0
2344,0.0
2345,0.0
2346,0.0
2348,0.0
2350,0.0
2351,0.0
2355,0.0
2358,0.0
2359,0.0
2361,0.0
2363,0.0
2366,0.0
2369,0.0
2370,0.0
2374,0.0
2377,0.0
2380,0.0
2381,0.0
2382,0.0
2384,0.0
2387,0.0
2388,0.0
2390,0.0
2398,0.0
2399,0.0
2400,0.0
2402,0.0
2403,0.0
2405,0.0
2406,0.0
2407,0.0
2413,0.0
2414,0.0
2418,0.0
2419,0.0
2420,0.0
2424,0.0
2426,0.0
2429,0.0
2432,0.0
2436,0.0
2438,0.0
2440,0.0
2442,0.0
2444,0.0
2452,0.0
2453,0.0
2455,0.0
2456,0.0
2457,0.0
2460,0.0
2462,0.0
2463,0.0
2464,0.0
2468,0.0
2469,0.0
2471,0.0
2472,0.0
2473,0.0
2480,0.0
2487,0.0
2488,0.0
2489,0.0
2497,0.0
2498,0.0
2500,0.0
2502,0.0
2505,0.0
2508,0.0
2509,0.0
2510,0.0
2515,0.0
2518,0.0
2521,0.0
2522,0.0
2526,0.0
2527,0.0
2531,0.0
2535,0.0
2537,0.0
2539,0.0
2541,0.0
2542,0.0
2544,0.0
2547,0.0
2550,0.0
2553,0.0
2559,0.0
2561,0.0
2562,0.0
2566,0.0
2569,0.0
2572,0.0
2574,0.0
2579,0.0
2581,0.0
2582,0.0
2585,0.0
2593,0.0
2595,0.0
2597,0.0
2598,0.0
2599,0.0
2600,0.0
2601,0.0
2608,0.0
2611,0.0
2613,0.0
2614,0.0
2616,0.0
2619,0.0
2620,0.0
2625,0.0
2626,0.0
2630,0.0
2636,0.0
2639,0.0
2641,0.0
2643,0.0
2644,0.0
2647,0.0
2650,0.0
2653,0.0
2654,0.0
2659,0.0
2662,0.0
2664,0.0
2665,0.0
2669,0.0
2671,0.0
2674,0.0
2676,0.0
2681,0.0
2684,0.0
2688,0.0
2694,0.0
2695,0.0
2696,0.0
2700,0.0
2704,0.0
2706,0.0
2707,0.0
2708,0.0
2709,0.0
2712,0.0
2719,0.0
2726,0.0
2730,0.0
2731,0.0
2736,0.0
2741,0.0
2745,0.0
2750,0.0
2752,0.0
2753,0.0
2755,0.0
2759,0.0
2761,0.0
2764,0.0
2770,0.0
2772,0.0
2776,0.0
2777,0.0
2779,0.0
2780,0.0
2781,0.0
2782,0.0
2785,0.0
2786,0.0
2787,0.0
2788,0.0
2789,0.0
2790,0.0
2792,0.0
2795,0.0
2798,0.0
2800,0.0
2802,0.0
2805,0.0
2808,0.0
2811,0.0
2813,0.0
2814,0.0
2816,0.0
2819,0.0
2825,0.0
2828,0.0
2829,0.0
2830,0.0
2833,0.0
2834,0.0
2835,0.0
2837,0.0
2839,0.0
2841,0.0
2844,0.0
2851,0.0
2853,0.0
2856,0.0
2857,0.0
2858,0.0
2860,0.0
2864,0.0
2866,0.0
2868,0.0
2872,0.0
2876,0.0
2879,0.0
2880,0.0
2884,0.0
2887,0.0
2888,0.0
2889,0.0
2890,0.0
2891,0.0
2892,0.0
2893,0.0
2895,0.0
2897,0.0
2898,0.0
2899,0.0
2901,0.0
2902,0.0
2906,0.0
2909,0.0
2913,0.0
2918,0.0
2919,0.0
2920,0.0
2921,0.0
2923,0.0
2925,0.0
2935,0.0
2937,0.0
2938,0.0
2939,0.0
2940,0.0
2942,0.0
2943,0.0
2945,0.0
2952,0.0
2954,0.0
2955,0.0
2957,0.0
2959,0.0
2961,0.0
2963,0.0
2974,0.0
2978,0.0
2981,0.0
2983,0.0
2986,0.0
2990,0.0
2993,0.0
2995,0.0
2996,0.0
2997,0.0
2998,0.0
3001,0.0
3002,0.0
3004,0.0
3005,0.0
3007,0.0
3009,0.0
3010,0.0
3011,0.0
3015,0.0
3016,0.0
3017,0.0
3018,0.0
3023,0.0
3025,0.0
3029,0.0
3032,0.0
3033,0.0
3040,0.0
3045,0.0
3048,0.0
3051,0.0
3053,0.0
3054,0.0
3057,0.0
3059,0.0
3063,0.0
3066,0.0
3070,0.0
3074,0.0
3078,0.0
3081,0.0
3082,0.0
3083,0.0
3085,0.0
3086,0.0
3087,0.0
3088,0.0
3089,0.0
3098,0.0
3099,0.0
3100,0.0
3101,0.0
3107,0.0
3108,0.0
3111,0.0
3113,0.0
3114,0.0
3115,0.0
3120,0.0
3122,0.0
3124,0.0
3133,0.0
3134,0.0
3135,0.0
3137,0.0
3139,0.0
3140,0.0
3142,0.0
3144,0.0
3145,0.0
3146,0.0
3148,0.0
3158,0.0
3159,0.0
3160,0.0
3167,0.0
3168,0.0
3169,0.0
3170,0.0
3172,0.0
3173,0.0
3174,0.0
3176,0.0
3182,0.0
3183,0.0
3189,0.0
3190,0.0
3193,0.0
3196,0.0
3199,0.0
3201,0.0
3202,0.0
3205,0.0
3209,0.0
3210,0.0
3211,0.0
3214,0.0
3216,0.0
3219,0.0
3220,0.0
3221,0.0
3222,0.0
3223,0.0
3234,0.0
3237,0.0
3239,0.0
3245,0.0
3250,0.0
3251,0.0
3252,0.0
3253,0.0
3256,0.0
3257,0.0
3258,0.0
3259,0.0
3260,0.0
3265,0.0
3267,0.0
3268,0.0
3269,0.0
3274,0.0
3280,0.0
3281,0.0
3282,0.0
3284,0.0
3285,0.0
3287,0.0
3288,0.0
3290,0.0
3292,0.0
3294,0.0
3295,0.0
3303,0.0
3305,0.0
3309,0.0
3311,0.0
3313,0.0
3316,0.0
3319,0.0
3320,0.0
3321,0.0
3327,0.0
3328,0.0
3329,0.0
3333,0.0
3334,0.0
3339,0.0
3341,0.0
3345,0.0
3347,0.0
3348,0.0
3358,0.0
3360,0.0
3362,0.0
3363,0.0
3368,0.0
3372,0.0
3376,0.0
3379,0.0
3383,0.0
3387,0.0
3392,0.0
3394,0.0
3397,0.0
3399,0.0
3404,0.0
3405,0.0
3406,0.0
3407,0.0
3409,0.0
3412,0.0
3418,0.0
3419,0.0
3420,0.0
3422,0.0
3423,0.0
3424,0.0
3425,0.0
3428,0.0
3436,0.0
3445,0.0
3448,0.0
3450,0.0
3453,0.0
3455,0.0
3462,0.0
3463,0.0
3464,0.0
3465,0.0
3466,0.0
3467,0.0
3479,0.0
3481,0.0
3487,0.0
3489,0.0
3491,0.0
3492,0.0
3494,0.0
3497,0.0
3499,0.0
3500,0.0
3501,0.0
3509,0.0
3511,0.0
3512,0.0
3515,0.0
3516,0.0
3520,0.0
3522,0.0
3524,0.0
3526,0.0
3534,0.0
3535,0.0
3536,0.0
3542,0.0
3543,0.0
3549,0.0
3551,0.0
3552,0.0
3555,0.0
3556,0.0
3559,0.0
3566,0.0
3572,0.0
3576,0.0
3578,0.0
3580,0.0
3582,0.0
3583,0.0
3584,0.0
3587,0.0
3588,0.0
3590,0.0
3591,0.0
3592,0.0
3595,0.0
3596,0.0
3598,0.0
3599,0.0
3601,0.0
3606,0.0
3608,0.0
3610,0.0
3613,0.0
3617,0.0
3618,0.0
3630,0.0
3631,0.0
3632,0.0
3635,0.0
3640,0.0
3642,0.0
3649,0.0
3650,0.0
3651,0.0
3652,0.0
3656,0.0
3666,0.0
3670,0.0
3672,0.0
3673,0.0
3677,0.0
3682,0.0
3683,0.0
3689,0.0
3692,0.0
3694,0.0
3695,0.0
3698,0.0
3699,0.0
3700,0.0
3703,0.0
3704,0.0
3706,0.0
3708,0.0
3710,0.0
3714,0.0
3716,0.0
3717,0.0
3718,0.0
3722,0.0
3723,0.0
3726,0.0
3730,0.0
3731,0.0
3734,0.0
3736,0.0
3737,0.0
3739,0.0
3744,0.0
3752,0.0
3754,0.0
3761,0.0
3762,0.0
3763,0.0
3768,0.0
3771,0.0
3772,0.0
3783,0.0
3784,0.0
3789,0.0
3790,0.0
3791,0.0
3795,0.0
3801,0.0
3802,0.0
3803,0.0
3805,0.0
3808,0.0
3812,0.0
3813,0.0
3816,0.0
3817,0.0
3818,0.0
3819,0.0
3825,0.0
3826,0.0
3828,0.0
3831,0.0
3834,0.0
3836,0.0
3837,0.0
3838,0.0
3839,0.0
3840,0.0
3841,0.0
3842,0.0
3845,0.0
3846,0.0
3848,0.0
3849,0.0
3852,0.0
3853,0.0
3855,0.0
3860,0.0
3862,0.0
3863,0.0
3869,0.0
3871,0.0
3875,0.0
3877,0.0
3879,0.0
3880,0.0
3883,0.0
3885,0.0
3887,0.0
3888,0.0
3891,0.0
3896,0.0
3898,0.0
3899,0.0
3900,0.0
3902,0.0
3905,0.0
3906,0.0
3916,0.0
3919,0.0
3921,0.0
3932,0.0
3934,0.0
3939,0.0
3945,0.0
3949,0.0
3951,0.0
3955,0.0
3956,0.0
3961,0.0
3962,0.0
3966,0.0
3968,0.0
3969,0.0
3971,0.0
3973,0.0
3975,0.0
3977,0.0
3982,0.0
3983,0.0
3985,0.0
3986,0.0
3990,0.0
3992,0.0
3995,0.0
3996,0.0
4002,0.0
4005,0.0
4011,0.0
4012,0.0
4015,0.0
4016,0.0
4018,0.0
4019,0.0
4023,0.0
4025,0.0
4027,0.0
4028,0.0
4029,0.0
4033,0.0
4046,0.0
4055,0.0
4057,0.0
4061,0.0
4064,0.0
4068,0.0
4071,0.0
4075,0.0
4077,0.0
4079,0.0
4086,0.0
4090,0.0
4091,0.0
4092,0.0
4093,0.0
4096,0.0
4099,0.0
4104,0.0
4108,0.0
4113,0.0
4116,0.0
4119,0.0
4120,0.0
4122,0.0
4125,0.0
4126,0.0
4133,0.0
4137,0.0
4138,0.0
4142,0.0
4143,0.0
4146,0.0
4151,0.0
4152,0.0
4153,0.0
4158,0.0
4159,0.0
4162,0.0
4163,0.0
4171,0.0
4172,0.0
4176,0.0
4177,0.0
4183,0.0
4188,0.0
4190,0.0
4191,0.0
4195,0.0
4196,0.0
4198,0.0
4201,0.0
4204,0.0
4206,0.0
4211,0.0
4215,0.0
4217,0.0
4220,0.0
4230,0.0
4236,0.0
4240,0.0
4242,0.0
4245,0.0
4246,0.0
4247,0.0
4249,0.0
4254,0.0
4255,0.0
4256,0.0
4259,0.0
4262,0.0
4263,0.0
4264,0.0
4265,0.0
4271,0.0
4272,0.0
4275,0.0
4276,0.0
4278,0.0
4281,0.0
4282,0.0
4284,0.0
4288,0.0
4289,0.0
4291,0.0
4296,0.0
4299,0.0
4302,0.0
4306,0.0
4313,0.0
4337,0.0
4340,0.0
4341,0.0
4343,0.0
4344,0.0
4346,0.0
4350,0.0
4351,0.0
4354,0.0
4355,0.0
4362,0.0
4368,0.0
4371,0.0
4372,0.0
4374,0.0
4375,0.0
4376,0.0
4380,0.0
4381,0.0
4382,0.0
4384,0.0
4385,0.0
4386,0.0
4389,0.0
4390,0.0
4391,0.0
4398,0.0
4400,0.0
4404,0.0
4409,0.0
4410,0.0
4411,0.0
4412,0.0
4414,0.0
4415,0.0
4427,0.0
4432,0.0
4434,0.0
4438,0.0
4441,0.0
4442,0.0
4447,0.0
4449,0.0
4452,0.0
4453,0.0
4459,0.0
4461,0.0
4462,0.0
4463,0.0
4468,0.0
4469,0.0
4472,0.0
4473,0.0
4474,0.0
4479,0.0
4481,0.0
4484,0.0
4485,0.0
4486,0.0
4487,0.0
4492,0.0
4497,0.0
4502,0.0
4504,0.0
4505,0.0
4506,0.0
4507,0.0
4509,0.0
4510,0.0
4512,0.0
4513,0.0
4522,0.0
4524,0.0
4528,0.0
4534,0.0
4535,0.0
4536,0.0
4539,0.0
4543,0.0
4544,0.0
4551,0.0
4552,0.0
4553,0.0
4554,0.0
4555,0.0
4558,0.0
4560,0.0
4562,0.0
4567,0.0
4571,0.0
4573,0.0
4576,0.0
4577,0.0
4578,0.0
4586,0.0
4590,0.0
4592,0.0
4593,0.0
4594,0.0
4597,0.0
4598,0.0
4601,0.0
4613,0.0
4618,0.0
4619,0.0
4622,0.0
4623,0.0
4625,0.0
4626,0.0
4627,0.0
4635,0.0
4637,0.0
4640,0.0
4643,0.0
4645,0.0
4646,0.0
4647,0.0
4652,0.0
4654,0.0
4669,0.0
4670,0.0
4676,0.0
4679,0.0
4685,0.0
4689,0.0
4694,0.0
4695,0.0
4698,0.0
4699,0.0
4700,0.0
4706,0.0
4708,0.0
4714,0.0
4719,0.0
4723,0.0
4736,0.0
4737,0.0
4741,0.0
4745,0.0
4748,0.0
4751,0.0
4752,0.0
4753,0.0
4754,0.0
4756,0.0
4757,0.0
4758,0.0
4764,0.0
4766,0.0
4767,0.0
4769,0.0
4771,0.0
4774,0.0
4778,0.0
4779,0.0
4782,0.0
4788,0.0
4790,0.0
4791,0.0
4803,0.0
4804,0.0
4807,0.0
4809,0.0
4813,0.0
4814,0.0
4825,0.0
4827,0.0
4830,0.0
4834,0.0
4837,0.0
4838,0.0
4841,0.0
4842,0.0
4843,0.0
4845,0.0
4846,0.0
4849,0.0
4851,0.0
4858,0.0
4865,0.0
4866,0.0
4867,0.0
4872,0.0
4873,0.0
4876,0.0
4878,0.0
4881,0.0
4886,0.0
4888,0.0
4890,0.0
4893,0.0
4894,0.0
4896,0.0
4900,0.0
4904,0.0
4906,0.0
4910,0.0
4912,0.0
4916,0.0
4921,0.0
4923,0.0
4924,0.0
4926,0.0
4929,0.0
4935,0.0
4937,0.0
4938,0.0
4941,0.0
4942,0.0
4943,0.0
4945,0.0
4947,0.0
4951,0.0
4953,0.0
4954,0.0
4955,0.0
4957,0.0
4961,0.0
4964,0.0
4969,0.0
4973,0.0
4977,0.0
4982,0.0
4983,0.0
4987,0.0
4988,0.0
4989,0.0
4990,0.0
4998,0.0
5001,0.0
5003,0.0
5009,0.0
5012,0.0
5013,0.0
5019,0.0
5031,0.0
5037,0.0
5041,0.0
5043,0.0
5045,0.0
5049,0.0
5050,0.0
5053,0.0
5057,0.0
5058,0.0
5059,0.0
5060,0.0
5061,0.0
5062,0.0
5064,0.0
5065,0.0
5069,0.0
5070,0.0
5072,0.0
5074,0.0
5075,0.0
5076,0.0
5080,0.0
5082,0.0
5083,0.0
5086,0.0
5088,0.0
5092,0.0
5094,0.0
5101,0.0
5102,0.0
5106,0.0
5111,0.0
5112,0.0
5116,0.0
5117,0.0
5118,0.0
5119,0.0
5123,0.0
5124,0.0
5125,0.0
5127,0.0
5128,0.0
5130,0.0
5131,0.0
5133,0.0
5137,0.0
5138,0.0
5139,0.0
5142,0.0
5143,0.0
5145,0.0
5146,0.0
5148,0.0
5151,0.0
5156,0.0
5157,0.0
5160,0.0
5162,0.0
5163,0.0
5164,0.0
5168,0.0
5169,0.0
5170,0.0
5172,0.0
5173,0.0
5178,0.0
5179,0.0
5180,0.0
5182,0.0
5185,0.0
5191,0.0
5192,0.0
5196,0.0
5198,0.0
5202,0.0
5203,0.0
5204,0.0
5205,0.0
5207,0.0
5208,0.0
5209,0.0
5213,0.0
5220,0.0
5226,0.0
5228,0.0
5229,0.0
5230,0.0
5232,0.0
5233,0.0
5239,0.0
5240,0.0
5242,0.0
5245,0.0
5246,0.0
5249,0.0
5256,0.0
5257,0.0
5261,0.0
5263,0.0
5265,0.0
5267,0.0
5272,0.0
5276,0.0
5278,0.0
5280,0.0
5281,0.0
5284,0.0
5289,0.0
5291,0.0
5295,0.0
5297,0.0
5300,0.0
5305,0.0
5308,0.0
5309,0.0
5310,0.0
5314,0.0
5315,0.0
5317,0.0
5319,0.0
5322,0.0
5323,0.0
5329,0.0
5332,0.0
5334,0.0
5336,0.0
5342,0.0
5343,0.0
5344,0.0
5346,0.0
5349,0.0
5351,0.0
5352,0.0
5355,0.0
5361,0.0
5365,0.0
5376,0.0
5380,0.0
5384,0.0
5387,0.0
5393,0.0
5397,0.0
5398,0.0
5403,0.0
5410,0.0
5411,0.0
5412,0.0
5414,0.0
5419,0.0
5420,0.0
5421,0.0
5430,0.0
5432,0.0
5437,0.0
5440,0.0
5442,0.0
5450,0.0
5451,0.0
5452,0.0
5453,0.0
5455,0.0
5456,0.0
5460,0.0
5461,0.0
5467,0.0
5468,0.0
5470,0.0
5473,0.0
5475,0.0
5476,0.0
5478,0.0
5479,0.0
5481,0.0
5483,0.0
5484,0.0
5487,0.0
5492,0.0
5493,0.0
5495,0.0
5497,0.0
5499,0.0
5503,0.0
5506,0.0
5510,0.0
5511,0.0
5512,0.0
5513,0.0
5515,0.0
5517,0.0
5519,0.0
5520,0.0
5522,0.0
5528,0.0
5531,0.0
5533,0.0
5534,0.0
5540,0.0
5545,0.0
5552,0.0
5555,0.0
5556,0.0
5562,0.0
5566,0.0
5567,0.0
5570,0.0
5574,0.0
5583,0.0
5588,0.0
5592,0.0
5593,0.0
5595,0.0
5596,0.0
5600,0.0
5604,0.0
5606,0.0
5607,0.0
5611,0.0
5615,0.0
5616,0.0
5617,0.0
5619,0.0
5620,0.0
5623,0.0
5624,0.0
5630,0.0
5631,0.0
5632,0.0
5634,0.0
5637,0.0
5639,0.0
5640,0.0
5644,0.0
5645,0.0
5647,0.0
5648,0.0
5650,0.0
5651,0.0
5653,0.0
5657,0.0
5659,0.0
5660,0.0
5661,0.0
5663,0.0
5664,0.0
5666,0.0
5667,0.0
5676,0.0
5677,0.0
5678,0.0
5685,0.0
5689,0.0
5691,0.0
5701,0.0
5703,0.0
5707,0.0
5712,0.0
5716,0.0
5717,0.0
5718,0.0
5720,0.0
5721,0.0
5728,0.0
5729,0.0
5732,0.0
5735,0.0
5736,0.0
5738,0.0
5739,0.0
5746,0.0
5749,0.0
5750,0.0
5751,0.0
5752,0.0
5753,0.0
5754,0.0
5755,0.0
5760,0.0
5764,0.0
5768,0.0
5771,0.0
5774,0.0
5776,0.0
5780,0.0
5781,0.0
5782,0.0
5791,0.0
5794,0.0
5797,0.0
5802,0.0
5803,0.0
5804,0.0
5807,0.0
5809,0.0
5813,0.0
5816,0.0
5818,0.0
5822,0.0
5823,0.0
5832,0.0
5833,0.0
5836,0.0
5840,0.0
5842,0.0
5843,0.0
5845,0.0
5851,0.0
5856,0.0
5857,0.0
5867,0.0
5869,0.0
5872,0.0
5873,0.0
5878,0.0
5879,0.0
5883,0.0
5885,0.0
5887,0.0
5888,0.0
5890,0.0
5894,0.0
5895,0.0
5902,0.0
5904,0.0
5906,0.0
5907,0.0
5909,0.0
5921,0.0
5924,0.0
5928,0.0
5931,0.0
5932,0.0
5941,0.0
5944,0.0
5946,0.0
5947,0.0
5952,0.0
5955,0.0
5959,0.0
5973,0.0
5977,0.0
5980,0.0
5985,0.0
5987,0.0
5989,0.0
5993,0.0
5995,0.0
5997,0.0
5999,0.0
6009,0.0
6010,0.0
6013,0.0
6014,0.0
6015,0.0
6016,0.0
6021,0.0
6025,0.0
6028,0.0
6029,0.0
6035,0.0
6041,0.0
6042,0.0
6049,0.0
6051,0.0
6055,0.0
6058,0.0
6059,0.0
6061,0.0
6062,0.0
6065,0.0
6067,0.0
6069,0.0
6070,0.0
6071,0.0
6076,0.0
6079,0.0
6082,0.0
6085,0.0
6089,0.0
6093,0.0
6095,0.0
6106,0.0
6111,0.0
6112,0.0
6116,0.0
6119,0.0
6121,0.0
6127,0.0
6129,0.0
6130,0.0
6132,0.0
6140,0.0
6142,0.0
6146,0.0
6148,0.0
6151,0.0
6153,0.0
6159,0.0
6162,0.0
6163,0.0
6164,0.0
6166,0.0
6170,0.0
6172,0.0
6175,0.0
6178,0.0
6179,0.0
6181,0.0
6184,0.0
6188,0.0
6189,0.0
6190,0.0
6197,0.0
6198,0.0
6199,0.0
6202,0.0
6203,0.0
6204,0.0
6205,0.0
6207,0.0
6208,0.0
6209,0.0
6211,0.0
6212,0.0
6219,0.0
6220,0.0
6223,0.0
6224,0.0
6225,0.0
6230,0.0
6232,0.0
6234,0.0
6235,0.0
6237,0.0
6241,0.0
6242,0.0
6243,0.0
6248,0.0
6251,0.0
6253,0.0
6256,0.0
6260,0.0
6264,0.0
6269,0.0
6273,0.0
6275,0.0
6279,0.0
6288,0.0
6293,0.0
6295,0.0
6296,0.0
6301,0.0
6305,0.0
6306,0.0
6316,0.0
6318,0.0
6319,0.0
6320,0.0
6321,0.0
6324,0.0
6325,0.0
6326,0.0
6327,0.0
6330,0.0
6332,0.0
6334,0.0
6339,0.0
6345,0.0
6347,0.0
6348,0.0
6349,0.0
6351,0.0
6352,0.0
6357,0.0
6359,0.0
6360,0.0
6372,0.0
6373,0.0
6378,0.0
6379,0.0
6383,0.0
6387,0.0
6391,0.0
6392,0.0
6406,0.0
6407,0.0
6408,0.0
6412,0.0
6413,0.0
6414,0.0
6417,0.0
6418,0.0
6421,0.0
6423,0.0
6424,0.0
6428,0.0
6431,0.0
6434,0.0
6435,0.0
6437,0.0
6446,0.0
6447,0.0
6448,0.0
6451,0.0
6452,0.0
6455,0.0
6456,0.0
6459,0.0
6462,0.0
6463,0.0
6468,0.0
6475,0.0
6476,0.0
6478,0.0
6482,0.0
6483,0.0
6485,0.0
6487,0.0
6488,0.0
6490,0.0
6496,0.0
6500,0.0
6502,0.0
6503,0.0
6507,0.0
6514,0.0
6516,0.0
6523,0.0
6527,0.0
6530,0.0
6531,0.0
6537,0.0
6539,0.0
6540,0.0
6541,0.0
6542,0.0
6543,0.0
6545,0.0
6556,0.0
6558,0.0
6560,0.0
6562,0.0
6566,0.0
6570,0.0
6571,0.0
6573,0.0
6574,0.0
6576,0.0
6578,0.0
6589,0.0
6590,0.0
6592,0.0
6604,0.0
6606,0.0
6607,0.0
6611,0.0
6612,0.0
6613,0.0
6617,0.0
6618,0.0
6619,0.0
6620,0.0
6621,0.0
6624,0.0
6626,0.0
6628,0.0
6629,0.0
6630,0.0
6635,0.0
6638,0.0
6639,0.0
6640,0.0
6644,0.0
6646,0.0
6647,0.0
6649,0.0
6652,0.0
6654,0.0
6656,0.0
6658,0.0
6659,0.0
6663,0.0
6664,0.0
6665,0.0
6666,0.0
6668,0.0
6670,0.0
6671,0.0
6673,0.0
6674,0.0
6678,0.0
6679,0.0
6691,0.0
6694,0.0
6697,0.0
6698,0.0
6700,0.0
6705,0.0
6707,0.0
6720,0.0
6727,0.0
6729,0.0
6730,0.0
6731,0.0
6736,0.0
6737,0.0
6741,0.0
6746,0.0
6747,0.0
6749,0.0
6751,0.0
6754,0.0
6758,0.0
6763,0.0
6766,0.0
6773,0.0
6774,0.0
6779,0.0
6781,0.0
6783,0.0
6785,0.0
6790,0.0
6791,0.0
6792,0.0
6793,0.0
6794,0.0
6804,0.0
6805,0.0
6808,0.0
6809,0.0
6813,0.0
6814,0.0
6815,0.0
6818,0.0
6821,0.0
6822,0.0
6831,0.0
6832,0.0
6835,0.0
6838,0.0
6843,0.0
6844,0.0
6849,0.0
6852,0.0
6853,0.0
6855,0.0
6862,0.0
6865,0.0
6866,0.0
6870,0.0
6873,0.0
6875,0.0
6878,0.0
6883,0.0
6884,0.0
6885,0.0
6899,0.0
6903,0.0
6905,0.0
6909,0.0
6911,0.0
6913,0.0
6914,0.0
6918,0.0
6922,0.0
6923,0.0
6926,0.0
6929,0.0
6930,0.0
6931,0.0
6938,0.0
6939,0.0
6941,0.0
6942,0.0
6945,0.0
6948,0.0
6949,0.0
6953,0.0
6960,0.0
6965,0.0
6970,0.0
6972,0.0
6976,0.0
6979,0.0
6980,0.0
6988,0.0
6990,0.0
6993,0.0
6994,0.0
7001,0.0
7003,0.0
7007,0.0
7008,0.0
7009,0.0
7010,0.0
7011,0.0
7014,0.0
7023,0.0
7029,0.0
7032,0.0
7040,0.0
7041,0.0
7046,0.0
7048,0.0
7049,0.0
7055,0.0
7058,0.0
7059,0.0
7060,0.0
7068,0.0
7069,0.0
7072,0.0
7076,0.0
7083,0.0
7086,0.0
7090,0.0
7092,0.0
7094,0.0
7096,0.0
7103,0.0
7106,0.0
7107,0.0
7110,0.0
7112,0.0
7114,0.0
7115,0.0
7116,0.0
7122,0.0
7123,0.0
7126,0.0
7128,0.0
7130,0.0
7133,0.0
7134,0.0
7137,0.0
7139,0.0
7153,0.0
7154,0.0
7156,0.0
7158,0.0
7159,0.0
7162,0.0
7165,0.0
7166,0.0
7175,0.0
7181,0.0
7183,0.0
7185,0.0
7192,0.0
7196,0.0
7197,0.0
7198,0.0
7201,0.0
7202,0.0
7204,0.0
7206,0.0
7207,0.0
7208,0.0
7210,0.0
7211,0.0
7213,0.0
7214,0.0
7215,0.0
7216,0.0
7218,0.0
7220,0.0
7222,0.0
7227,0.0
7230,0.0
7231,0.0
7233,0.0
7234,0.0
7242,0.0
7245,0.0
7246,0.0
7248,0.0
7250,0.0
7252,0.0
7255,0.0
7267,0.0
7268,0.0
7269,0.0
7275,0.0
7276,0.0
7283,0.0
7287,0.0
7288,0.0
7290,0.0
7292,0.0
7294,0.0
7302,0.0
7304,0.0
7306,0.0
7307,0.0
7310,0.0
7312,0.0
7313,0.0
7326,0.0
7327,0.0
7329,0.0
7331,0.0
7332,0.0
7334,0.0
7335,0.0
7336,0.0
7340,0.0
7343,0.0
7344,0.0
7348,0.0
7350,0.0
7356,0.0
7357,0.0
7358,0.0
7361,0.0
7371,0.0
7372,0.0
7373,0.0
7374,0.0
7376,0.0
7378,0.0
7379,0.0
7382,0.0
7386,0.0
7387,0.0
7388,0.0
7389,0.0
7392,0.0
7393,0.0
7395,0.0
7396,0.0
7401,0.0
7402,0.0
7404,0.0
7407,0.0
7408,0.0
7409,0.0
7412,0.0
7417,0.0
7418,0.0
7419,0.0
7422,0.0
7429,0.0
7435,0.0
7436,0.0
7437,0.0
7438,0.0
7444,0.0
7446,0.0
7451,0.0
7452,0.0
7454,0.0
7456,0.0
7457,0.0
7458,0.0
7462,0.0
7464,0.0
7470,0.0
7472,0.0
7474,0.0
7475,0.0
7476,0.0
7480,0.0
7489,0.0
7491,0.0
7494,0.0
7495,0.0
7502,0.0
7503,0.0
7505,0.0
7507,0.0
7508,0.0
7517,0.0
7519,0.0
7523,0.0
7526,0.0
7537,0.0
7540,0.0
7543,0.0
7545,0.0
7547,0.0
7549,0.0
7550,0.0
7551,0.0
7552,0.0
7553,0.0
7554,0.0
7556,0.0
7560,0.0
7564,0.0
7565,0.0
7567,0.0
7569,0.0
7571,0.0
7573,0.0
7574,0.0
7576,0.0
7583,0.0
7588,0.0
7591,0.0
7594,0.0
7599,0.0
7605,0.0
7609,0.0
7616,0.0
7618,0.0
7619,0.0
7622,0.0
7624,0.0
7630,0.0
7633,0.0
7634,0.0
7638,0.0
7639,0.0
7646,0.0
7650,0.0
7656,0.0
7658,0.0
7662,0.0
7667,0.0
7668,0.0
7671,0.0
7672,0.0
7673,0.0
7675,0.0
7677,0.0
7679,0.0
7685,0.0
7690,0.0
7693,0.0
7698,0.0
7702,0.0
7706,0.0
7707,0.0
7708,0.0
7709,0.0
7712,0.0
7717,0.0
7724,0.0
7726,0.0
7733,0.0
7737,0.0
7739,0.0
7741,0.0
7742,0.0
7743,0.0
7767,0.0
7768,0.0
7769,0.0
7771,0.0
7773,0.0
7775,0.0
7777,0.0
7781,0.0
7782,0.0
7784,0.0
7787,0.0
7791,0.0
7792,0.0
7794,0.0
7795,0.0
7802,0.0
7803,0.0
7804,0.0
7809,0.0
7811,0.0
7812,0.0
7819,0.0
7820,0.0
7825,0.0
7832,0.0
7833,0.0
7836,0.0
7841,0.0
7844,0.0
7853,0.0
7856,0.0
7859,0.0
7860,0.0
7862,0.0
7864,0.0
7867,0.0
7868,0.0
7871,0.0
7873,0.0
7875,0.0
7877,0.0
7881,0.0
7883,0.0
7885,0.0
7891,0.0
7892,0.0
7893,0.0
7896,0.0
7899,0.0
7902,0.0
7903,0.0
7904,0.0
7907,0.0
7911,0.0
7912,0.0
7914,0.0
7915,0.0
7917,0.0
7918,0.0
7919,0.0
7920,0.0
7922,0.0
7923,0.0
7926,0.0
7929,0.0
7930,0.0
7931,0.0
7935,0.0
7938,0.0
7939,0.0
7940,0.0
7943,0.0
7944,0.0
7946,0.0
7949,0.0
7950,0.0
7954,0.0
7959,0.0
7964,0.0
7966,0.0
7977,0.0
7978,0.0
7979,0.0
7981,0.0
7982,0.0
7983,0.0
7984,0.0
7985,0.0
7987,0.0
7989,0.0
7990,0.0
7991,0.0
7993,0.0
7994,0.0
7996,0.0
7997,0.0
8004,0.0
8007,0.0
8010,0.0
8017,0.0
8019,0.0
8021,0.0
8024,0.0
8027,0.0
8028,0.0
8031,0.0
8032,0.0
8033,0.0
8034,0.0
8037,0.0
8038,0.0
8041,0.0
8044,0.0
8047,0.0
8051,0.0
8053,0.0
8055,0.0
8058,0.0
8059,0.0
8060,0.0
8061,0.0
8062,0.0
8064,0.0
8065,0.0
8068,0.0
8070,0.0
8073,0.0
8075,0.0
8079,0.0
8082,0.0
8088,0.0
8090,0.0
8091,0.0
8093,0.0
8096,0.0
8100,0.0
8102,0.0
8106,0.0
8109,0.0
8110,0.0
8112,0.0
8113,0.0
8115,0.0
8117,0.0
8122,0.0
8125,0.0
8128,0.0
8130,0.0
8131,0.0
8136,0.0
8140,0.0
8143,0.0
8144,0.0
8150,0.0
8153,0.0
8155,0.0
8156,0.0
8157,0.0
8159,0.0
8160,0.0
8164,0.0
8165,0.0
8168,0.0
8169,0.0
8170,0.0
8172,0.0
8173,0.0
8181,0.0
8187,0.0
8188,0.0
8194,0.0
8198,0.0
8199,0.0
8202,0.0
8205,0.0
8206,0.0
8212,0.0
8216,0.0
8217,0.0
8218,0.0
8221,0.0
8223,0.0
8227,0.0
8229,0.0
8230,0.0
8231,0.0
8233,0.0
8234,0.0
8236,0.0
8237,0.0
8241,0.0
8243,0.0
8251,0.0
8254,0.0
8255,0.0
8264,0.0
8265,0.0
8267,0.0
8268,0.0
8274,0.0
8276,0.0
8278,0.0
8280,0.0
8284,0.0
8287,0.0
8290,0.0
8291,0.0
8295,0.0
8298,0.0
8301,0.0
8303,0.0
8304,0.0
8306,0.0
8307,0.0
8308,0.0
8311,0.0
8314,0.0
8316,0.0
8319,0.0
8321,0.0
8324,0.0
8327,0.0
8329,0.0
8331,0.0
8336,0.0
8339,0.0
8341,0.0
8343,0.0
8344,0.0
8350,0.0
8352,0.0
8353,0.0
8355,0.0
8357,0.0
8360,0.0
8363,0.0
8364,0.0
8367,0.0
8368,0.0
8369,0.0
8375,0.0
8376,0.0
8380,0.0
8381,0.0
8388,0.0
8392,0.0
8393,0.0
8399,0.0
8401,0.0
8407,0.0
8408,0.0
8411,0.0
8412,0.0
8413,0.0
8415,0.0
8426,0.0
8427,0.0
8429,0.0
8435,0.0
8436,0.0
8439,0.0
8441,0.0
8442,0.0
8444,0.0
8445,0.0
8448,0.0
8450,0.0
8451,0.0
8455,0.0
8456,0.0
8458,0.0
8463,0.0
8465,0.0
8470,0.0
8472,0.0
8476,0.0
8478,0.0
8480,0.0
8485,0.0
8486,0.0
8488,0.0
8489,0.0
8490,0.0
8492,0.0
8494,0.0
8495,0.0
8496,0.0
8497,0.0
8500,0.0
8504,0.0
8512,0.0
8514,0.0
8518,0.0
8519,0.0
8521,0.0
8525,0.0
8527,0.0
8529,0.0
8534,0.0
8535,0.0
8539,0.0
8543,0.0
8548,0.0
8555,0.0
8564,0.0
8567,0.0
8570,0.0
8571,0.0
8572,0.0
8573,0.0
8576,0.0
8580,0.0
8581,0.0
8582,0.0
8585,0.0
8590,0.0
8597,0.0
8598,0.0
8600,0.0
8601,0.0
8603,0.0
8606,0.0
8608,0.0
8614,0.0
8615,0.0
8617,0.0
8622,0.0
8626,0.0
8630,0.0
8631,0.0
8634,0.0
8638,0.0
8648,0.0
8654,0.0
8656,0.0
8657,0.0
8662,0.0
8663,0.0
8664,0.0
8668,0.0
8671,0.0
8678,0.0
8680,0.0
8683,0.0
8691,0.0
8698,0.0
8704,0.0
8711,0.0
8712,0.0
8713,0.0
8716,0.0
8723,0.0
8724,0.0
8725,0.0
8727,0.0
8729,0.0
8733,0.0
8739,0.0
8742,0.0
8744,0.0
8750,0.0
8756,0.0
8758,0.0
8761,0.0
8766,0.0
8773,0.0
8775,0.0
8776,0.0
8778,0.0
8779,0.0
8785,0.0
8790,0.0
8792,0.0
8793,0.0
8797,0.0
8798,0.0
8804,0.0
8805,0.0
8810,0.0
8812,0.0
8820,0.0
8822,0.0
8823,0.0
8828,0.0
8831,0.0
8836,0.0
8839,0.0
8840,0.0
8841,0.0
8843,0.0
8844,0.0
8846,0.0
8849,0.0
8851,0.0
8854,0.0
8855,0.0
8856,0.0
8857,0.0
8858,0.0
8860,0.0
8861,0.0
8863,0.0
8865,0.0
8870,0.0
8872,0.0
8876,0.0
8878,0.0
8883,0.0
8884,0.0
8885,0.0
8887,0.0
8891,0.0
8897,0.0
8906,0.0
8907,0.0
8908,0.0
8909,0.0
8911,0.0
8912,0.0
8913,0.0
8915,0.0
8918,0.0
8919,0.0
8920,0.0
8930,0.0
8935,0.0
8936,0.0
8937,0.0
8938,0.0
8939,0.0
8947,0.0
8948,0.0
8949,0.0
8951,0.0
8952,0.0
8959,0.0
8960,0.0
8961,0.0
8974,0.0
8975,0.0
8976,0.0
8977,0.0
8979,0.0
8983,0.0
8984,0.0
8985,0.0
8986,0.0
8988,0.0
8990,0.0
8991,0.0
8993,0.0
8996,0.0
9004,0.0
9006,0.0
9007,0.0
9010,0.0
9016,0.0
9017,0.0
9018,0.0
9020,0.0
9023,0.0
9026,0.0
9027,0.0
9032,0.0
9035,0.0
9037,0.0
9039,0.0
9042,0.0
9045,0.0
9047,0.0
9048,0.0
9052,0.0
9055,0.0
9056,0.0
9059,0.0
9063,0.0
9064,0.0
9066,0.0
9069,0.0
9070,0.0
9071,0.0
9072,0.0
9073,0.0
9075,0.0
9077,0.0
9078,0.0
9079,0.0
9080,0.0
9082,0.0
9084,0.0
9085,0.0
9086,0.0
9087,0.0
9091,0.0
9093,0.0
9095,0.0
9097,0.0
9098,0.0
9103,0.0
9105,0.0
9107,0.0
9109,0.0
9111,0.0
9112,0.0
9117,0.0
9119,0.0
9123,0.0
9128,0.0
9131,0.0
9139,0.0
9141,0.0
9142,0.0
9145,0.0
9147,0.0
9149,0.0
9152,0.0
9153,0.0
9158,0.0
9160,0.0
9161,0.0
9163,0.0
9164,0.0
9167,0.0
9169,0.0
9170,0.0
9173,0.0
9175,0.0
9176,0.0
9178,0.0
9181,0.0
9182,0.0
9185,0.0
9186,0.0
9187,0.0
9192,0.0
9193,0.0
9194,0.0
9199,0.0
9200,0.0
9203,0.0
9204,0.0
9205,0.0
9208,0.0
9210,0.0
9211,0.0
9214,0.0
9222,0.0
9223,0.0
9224,0.0
9225,0.0
9234,0.0
9237,0.0
9238,0.0
9240,0.0
9245,0.0
9249,0.0
9250,0.0
9251,0.0
9255,0.0
9256,0.0
9257,0.0
9258,0.0
9259,0.0
9264,0.0
9268,0.0
9269,0.0
9274,0.0
9277,0.0
9290,0.0
9295,0.0
9297,0.0
9299,0.0
9303,0.0
9309,0.0
9310,0.0
9311,0.0
9313,0.0
9315,0.0
9316,0.0
9317,0.0
9318,0.0
9319,0.0
9324,0.0
9326,0.0
9331,0.0
9335,0.0
9336,0.0
9339,0.0
9343,0.0
9345,0.0
9347,0.0
9352,0.0
9357,0.0
9358,0.0
9360,0.0
9363,0.0
9364,0.0
9366,0.0
9367,0.0
9369,0.0
9370,0.0
9371,0.0
9373,0.0
9374,0.0
9383,0.0
9384,0.0
9392,0.0
9394,0.0
9395,0.0
9397,0.0
9399,0.0
9407,0.0
9408,0.0
9409,0.0
9412,0.0
9413,0.0
9417,0.0
9419,0.0
9420,0.0
9421,0.0
9422,0.0
9423,0.0
9425,0.0
9428,0.0
9432,0.0
9433,0.0
9435,0.0
9440,0.0
9445,0.0
9451,0.0
9454,0.0
9455,0.0
9456,0.0
9459,0.0
9461,0.0
9468,0.0
9470,0.0
9476,0.0
9479,0.0
9481,0.0
9483,0.0
9485,0.0
9486,0.0
9488,0.0
9490,0.0
9495,0.0
9500,0.0
9505,0.0
9507,0.0
9511,0.0
9512,0.0
9518,0.0
9521,0.0
9522,0.0
9523,0.0
9527,0.0
9533,0.0
9539,0.0
9540,0.0
9541,0.0
9542,0.0
9544,0.0
9547,0.0
9549,0.0
9550,0.0
9551,0.0
9552,0.0
9556,0.0
9558,0.0
9566,0.0
9567,0.0
9571,0.0
9573,0.0
9574,0.0
9578,0.0
9579,0.0
9584,0.0
9585,0.0
9587,0.0
9588,0.0
9592,0.0
9593,0.0
9594,0.0
9595,0.0
9600,0.0
9601,0.0
9607,0.0
9611,0.0
9616,0.0
9618,0.0
9624,0.0
9627,0.0
9628,0.0
9631,0.0
9632,0.0
9633,0.0
9634,0.0
9636,0.0
9640,0.0
9643,0.0
9645,0.0
9649,0.0
9650,0.0
9652,0.0
9653,0.0
9658,0.0
9663,0.0
9665,0.0
9666,0.0
9668,0.0
9669,0.0
9670,0.0
9673,0.0
9679,0.0
9685,0.0
9690,0.0
9692,0.0
9696,0.0
9701,0.0
9705,0.0
9706,0.0
9708,0.0
9709,0.0
9711,0.0
9712,0.0
9713,0.0
9719,0.0
9721,0.0
9722,0.0
9723,0.0
9727,0.0
9729,0.0
9737,0.0
9738,0.0
9740,0.0
9741,0.0
9742,0.0
9743,0.0
9744,0.0
9745,0.0
9746,0.0
9749,0.0
9751,0.0
9752,0.0
9761,0.0
9767,0.0
9768,0.0
9769,0.0
9771,0.0
9775,0.0
9779,0.0
9781,0.0
9785,0.0
9788,0.0
9794,0.0
9795,0.0
9796,0.0
9797,0.0
9800,0.0
9801,0.0
9802,0.0
9805,0.0
9807,0.0
9812,0.0
9814,0.0
9815,0.0
9823,0.0
9824,0.0
9832,0.0
9833,0.0
9837,0.0
9838,0.0
9841,0.0
9842,0.0
9843,0.0
9844,0.0
9845,0.0
9849,0.0
9852,0.0
9853,0.0
9854,0.0
9860,0.0
9864,0.0
9866,0.0
9868,0.0
9870,0.0
9871,0.0
9872,0.0
9874,0.0
9877,0.0
9878,0.0
9881,0.0
9882,0.0
9884,0.0
9887,0.0
9888,0.0
9890,0.0
9893,0.0
9898,0.0
9900,0.0
9901,0.0
9902,0.0
9903,0.0
9905,0.0
9906,0.0
9909,0.0
9912,0.0
9913,0.0
9917,0.0
9920,0.0
9921,0.0
9923,0.0
9925,0.0
9927,0.0
9933,0.0
9942,0.0
9945,0.0
9949,0.0
9950,0.0
9951,0.0
9953,0.0
9956,0.0
9960,0.0
9962,0.0
9964,0.0
9971,0.0
9974,0.0
9978,0.0
9980,0.0
9981,0.0
9985,0.0
9986,0.0
9988,0.0
9991,0.0
9992,0.0
9995,0.0
9997,0.0
9998,0.0
9999,0.0
10000,0.0
10005,0.0
10006,0.0
10011,0.0
10016,0.0
10017,0.0
10021,0.0
10028,0.0
10029,0.0
10030,0.0
10031,0.0
10034,0.0
10037,0.0
10038,0.0
10041,0.0
10044,0.0
10047,0.0
10048,0.0
10049,0.0
10052,0.0
10054,0.0
10065,0.0
10074,0.0
10076,0.0
10077,0.0
10083,0.0
10088,0.0
10092,0.0
10094,0.0
10095,0.0
10096,0.0
10097,0.0
10098,0.0
10100,0.0
10102,0.0
10105,0.0
10106,0.0
10110,0.0
10113,0.0
10115,0.0
10116,0.0
10121,0.0
10122,0.0
10124,0.0
10131,0.0
10133,0.0
10135,0.0
10136,0.0
10142,0.0
10144,0.0
10148,0.0
10150,0.0
10157,0.0
10158,0.0
10159,0.0
10160,0.0
10163,0.0
10167,0.0
10172,0.0
10174,0.0
10175,0.0
10178,0.0
10180,0.0
10181,0.0
10183,0.0
10185,0.0
10191,0.0
10192,0.0
10202,0.0
10204,0.0
10205,0.0
10206,0.0
10208,0.0
10213,0.0
10215,0.0
10217,0.0
10220,0.0
10221,0.0
10223,0.0
10224,0.0
10226,0.0
10228,0.0
10235,0.0
10236,0.0
10237,0.0
10239,0.0
10246,0.0
10247,0.0
10248,0.0
10251,0.0
10252,0.0
10253,0.0
10254,0.0
10258,0.0
10259,0.0
10260,0.0
10267,0.0
10269,0.0
10271,0.0
10274,0.0
10275,0.0
10276,0.0
10286,0.0
10287,0.0
10288,0.0
10290,0.0
10293,0.0
10294,0.0
10301,0.0
10303,0.0
10304,0.0
10311,0.0
10316,0.0
10321,0.0
10323,0.0
10326,0.0
10327,0.0
10330,0.0
10334,0.0
10335,0.0
10340,0.0
10341,0.0
10345,0.0
10352,0.0
10355,0.0
10359,0.0
10360,0.0
10363,0.0
10364,0.0
10368,0.0
10372,0.0
10374,0.0
10379,0.0
10380,0.0
10382,0.0
10391,0.0
10394,0.0
10396,0.0
10405,0.0
10406,0.0
10407,0.0
10408,0.0
10409,0.0
10416,0.0
10422,0.0
10429,0.0
10430,0.0
10434,0.0
10437,0.0
10440,0.0
10442,0.0
10445,0.0
10452,0.0
10461,0.0
10463,0.0
10464,0.0
10473,0.0
10474,0.0
10475,0.0
10477,0.0
10482,0.0
10484,0.0
10485,0.0
10490,0.0
10493,0.0
10495,0.0
10497,0.0
10498,0.0
10504,0.0
10505,0.0
10509,0.0
10514,0.0
10524,0.0
10525,0.0
10527,0.0
10528,0.0
10532,0.0
10536,0.0
10546,0.0
10549,0.0
10551,0.0
10554,0.0
10556,0.0
10559,0.0
10565,0.0
10568,0.0
10571,0.0
10575,0.0
10582,0.0
10584,0.0
10586,0.0
10588,0.0
10589,0.0
10591,0.0
10592,0.0
10593,0.0
10595,0.0
10596,0.0
10601,0.0
10603,0.0
10607,0.0
10610,0.0
10611,0.0
10612,0.0
10614,0.0
10617,0.0
10621,0.0
10631,0.0
10635,0.0
10636,0.0
10637,0.0
10638,0.0
10644,0.0
10647,0.0
10648,0.0
10649,0.0
10651,0.0
10652,0.0
10654,0.0
10656,0.0
10661,0.0
10665,0.0
10667,0.0
10670,0.0
10681,0.0
10683,0.0
10685,0.0
10689,0.0
10690,0.0
10693,0.0
10698,0.0
10699,0.0
10707,0.0
10708,0.0
10709,0.0
10710,0.0
10711,0.0
10712,0.0
10713,0.0
10714,0.0
10717,0.0
10725,0.0
10727,0.0
10729,0.0
10730,0.0
10735,0.0
10737,0.0
10738,0.0
10741,0.0
10743,0.0
10749,0.0
10752,0.0
10756,0.0
10760,0.0
10761,0.0
10764,0.0
10766,0.0
10768,0.0
10769,0.0
10770,0.0
10773,0.0
10775,0.0
10776,0.0
10779,0.0
10780,0.0
10783,0.0
10785,0.0
10786,0.0
10788,0.0
10790,0.0
10791,0.0
10801,0.0
10803,0.0
10804,0.0
10809,0.0
10811,0.0
10812,0.0
10815,0.0
10821,0.0
10823,0.0
10825,0.0
10830,0.0
10836,0.0
10837,0.0
10840,0.0
10842,0.0
10844,0.0
10846,0.0
10854,0.0
10857,0.0
10858,0.0
10860,0.0
10861,0.0
10864,0.0
10870,0.0
10875,0.0
10877,0.0
10881,0.0
10883,0.0
10885,0.0
10886,0.0
10888,0.0
10891,0.0
10898,0.0
10899,0.0
10900,0.0
10902,0.0
10905,0.0
10914,0.0
10916,0.0
10919,0.0
10923,0.0
10929,0.0
10933,0.0
10934,0.0
10936,0.0
10937,0.0
10938,0.0
10942,0.0
10945,0.0
10946,0.0
10949,0.0
10950,0.0
10953,0.0
10958,0.0
10959,0.0
10963,0.0
10966,0.0
10968,0.0
10971,0.0
10979,0.0
10981,0.0
10986,0.0
10990,0.0
10992,0.0
10995,0.0
11010,0.0
11017,0.0
11018,0.0
11020,0.0
11025,0.0
11026,0.0
11027,0.0
11028,0.0
11033,0.0
11035,0.0
11040,0.0
11042,0.0
11046,0.0
11047,0.0
11048,0.0
11052,0.0
11065,0.0
11067,0.0
11069,0.0
11070,0.0
11071,0.0
11072,0.0
11078,0.0
11082,0.0
11085,0.0
11089,0.0
11096,0.0
11099,0.0
11102,0.0
11104,0.0
11107,0.0
11114,0.0
11116,0.0
11121,0.0
11124,0.0
11125,0.0
11127,0.0
11128,0.0
11130,0.0
11132,0.0
11133,0.0
11134,0.0
11137,0.0
11140,0.0
11144,0.0
11145,0.0
11152,0.0
11155,0.0
11156,0.0
11158,0.0
11159,0.0
11162,0.0
11163,0.0
11167,0.0
11168,0.0
11170,0.0
11174,0.0
11176,0.0
11179,0.0
11182,0.0
11183,0.0
11184,0.0
11192,0.0
11193,0.0
11194,0.0
11195,0.0
11200,0.0
11201,0.0
11202,0.0
11203,0.0
11204,0.0
11205,0.0
11206,0.0
11212,0.0
11216,0.0
11225,0.0
11226,0.0
11228,0.0
11229,0.0
11230,0.0
11232,0.0
11233,0.0
11234,0.0
11235,0.0
11236,0.0
11238,0.0
11243,0.0
11246,0.0
11252,0.0
11256,0.0
11264,0.0
11265,0.0
11267,0.0
11268,0.0
11271,0.0
11274,0.0
11279,0.0
11285,0.0
11286,0.0
11287,0.0
11291,0.0
11292,0.0
11293,0.0
11300,0.0
11303,0.0
11304,0.0
11305,0.0
11310,0.0
11312,0.0
11313,0.0
11316,0.0
11317,0.0
11321,0.0
11326,0.0
11327,0.0
11328,0.0
11329,0.0
11332,0.0
11338,0.0
11342,0.0
11344,0.0
11345,0.0
11350,0.0
11356,0.0
11358,0.0
11360,0.0
11365,0.0
11366,0.0
11377,0.0
11378,0.0
11379,0.0
11381,0.0
11382,0.0
11384,0.0
11386,0.0
11390,0.0
11399,0.0
11411,0.0
11414,0.0
11415,0.0
11417,0.0
11418,0.0
11419,0.0
11420,0.0
11423,0.0
11427,0.0
11431,0.0
11434,0.0
11437,0.0
11439,0.0
11443,0.0
11444,0.0
11445,0.0
11447,0.0
11448,0.0
11449,0.0
11450,0.0
11456,0.0
11459,0.0
11460,0.0
11462,0.0
11463,0.0
11465,0.0
11466,0.0
11468,0.0
11471,0.0
11476,0.0
11480,0.0
11484,0.0
11485,0.0
11488,0.0
11492,0.0
11499,0.0
11503,0.0
11504,0.0
11506,0.0
11507,0.0
11510,0.0
11513,0.0
11520,0.0
11521,0.0
11526,0.0
11530,0.0
11531,0.0
11538,0.0
11547,0.0
11550,0.0
11554,0.0
11556,0.0
11557,0.0
11558,0.0
11559,0.0
11561,0.0
11562,0.0
11563,0.0
11565,0.0
11566,0.0
11567,0.0
11569,0.0
11571,0.0
11577,0.0
11594,0.0
11598,0.0
11600,0.0
11601,0.0
11608,0.0
11610,0.0
11612,0.0
11614,0.0
11617,0.0
11618,0.0
11619,0.0
11621,0.0
11624,0.0
11625,0.0
11629,0.0
11631,0.0
11642,0.0
11649,0.0
11650,0.0
11652,0.0
11656,0.0
11659,0.0
11663,0.0
11671,0.0
11672,0.0
11679,0.0
11683,0.0
11686,0.0
11688,0.0
11692,0.0
11698,0.0
11702,0.0
11705,0.0
11713,0.0
11721,0.0
11722,0.0
11723,0.0
11725,0.0
11728,0.0
11732,0.0
11733,0.0
11735,0.0
11740,0.0
11744,0.0
11747,0.0
11751,0.0
11752,0.0
11753,0.0
11754,0.0
11755,0.0
11756,0.0
11758,0.0
11759,0.0
11767,0.0
11772,0.0
11773,0.0
11774,0.0
11775,0.0
11777,0.0
11778,0.0
11791,0.0
11792,0.0
11795,0.0
11797,0.0
11805,0.0
11809,0.0
11811,0.0
11818,0.0
11820,0.0
11821,0.0
11825,0.0
11827,0.0
11830,0.0
11833,0.0
11834,0.0
11835,0.0
11836,0.0
11838,0.0
11840,0.0
11845,0.0
11849,0.0
11850,0.0
11851,0.0
11853,0.0
11858,0.0
11860,0.0
11863,0.0
11864,0.0
11874,0.0
11877,0.0
11878,0.0
11879,0.0
11884,0.0
11889,0.0
11892,0.0
11896,0.0
11898,0.0
11902,0.0
11912,0.0
11918,0.0
11922,0.0
11927,0.0
11929,0.0
11933,0.0
11939,0.0
11940,0.0
11942,0.0
11945,0.0
11946,0.0
11947,0.0
11948,0.0
11950,0.0
11952,0.0
11954,0.0
11962,0.0
11963,0.0
11965,0.0
11968,0.0
11969,0.0
11972,0.0
11976,0.0
11979,0.0
11980,0.0
11986,0.0
11992,0.0
11995,0.0
11999,0.0
12002,0.0
12003,0.0
12009,0.0
12016,0.0
12018,0.0
12021,0.0
12023,0.0
12025,0.0
12027,0.0
12030,0.0
12035,0.0
12037,0.0
12041,0.0
12044,0.0
12045,0.0
12047,0.0
12048,0.0
12050,0.0
12052,0.0
12055,0.0
12058,0.0
12060,0.0
12063,0.0
12071,0.0
12072,0.0
12074,0.0
12075,0.0
12081,0.0
12082,0.0
12085,0.0
12087,0.0
12091,0.0
12092,0.0
12096,0.0
12099,0.0
12101,0.0
12103,0.0
12104,0.0
12105,0.0
12106,0.0
12109,0.0
12112,0.0
12116,0.0
12118,0.0
12119,0.0
12122,0.0
12125,0.0
12128,0.0
12132,0.0
12134,0.0
12137,0.0
12143,0.0
12145,0.0
12148,0.0
12149,0.0
12152,0.0
12155,0.0
12157,0.0
12163,0.0
12173,0.0
12179,0.0
12190,0.0
12193,0.0
12199,0.0
12204,0.0
12213,0.0
12215,0.0
12217,0.0
12220,0.0
12221,0.0
12224,0.0
12225,0.0
12226,0.0
12228,0.0
12231,0.0
12235,0.0
12236,0.0
12239,0.0
12242,0.0
12246,0.0
12247,0.0
12248,0.0
12250,0.0
12261,0.0
12262,0.0
12270,0.0
12273,0.0
12275,0.0
12280,0.0
12281,0.0
12285,0.0
12288,0.0
12291,0.0
12293,0.0
12294,0.0
12301,0.0
12308,0.0
12310,0.0
12313,0.0
12314,0.0
12315,0.0
12318,0.0
12325,0.0
12328,0.0
12330,0.0
12334,0.0
12335,0.0
12338,0.0
12340,0.0
12341,0.0
12343,0.0
12344,0.0
12345,0.0
12346,0.0
12351,0.0
12355,0.0
12358,0.0
12360,0.0
12362,0.0
12363,0.0
12364,0.0
12369,0.0
12374,0.0
12375,0.0
12376,0.0
12377,0.0
12385,0.0
12386,0.0
12387,0.0
12391,0.0
12399,0.0
12400,0.0
12404,0.0
12410,0.0
12413,0.0
12417,0.0
12419,0.0
12422,0.0
12426,0.0
12432,0.0
12439,0.0
12440,0.0
12442,0.0
12446,0.0
12449,0.0
12455,0.0
12456,0.0
12457,0.0
12459,0.0
12461,0.0
12464,0.0
12465,0.0
12468,0.0
12470,0.0
12471,0.0
12473,0.0
12475,0.0
12477,0.0
12478,0.0
12479,0.0
12482,0.0
12483,0.0
12491,0.0
12492,0.0
12493,0.0
12494,0.0
12497,0.0
12498,0.0
12499,0.0
12502,0.0
12505,0.0
12507,0.0
12509,0.0
12511,0.0
12512,0.0
12524,0.0
12528,0.0
12530,0.0
12531,0.0
12533,0.0
12538,0.0
12541,0.0
12551,0.0
12558,0.0
12560,0.0
12562,0.0
12565,0.0
12566,0.0
12567,0.0
12571,0.0
12572,0.0
12573,0.0
12578,0.0
12579,0.0
12580,0.0
12581,0.0
12583,0.0
12584,0.0
12587,0.0
12589,0.0
12591,0.0
12592,0.0
12596,0.0
12599,0.0
12601,0.0
12603,0.0
12604,0.0
12606,0.0
12608,0.0
12609,0.0
12610,0.0
12613,0.0
12617,0.0
12618,0.0
12622,0.0
12624,0.0
12627,0.0
12629,0.0
12631,0.0
12639,0.0
12640,0.0
12641,0.0
12643,0.0
12646,0.0
12647,0.0
12652,0.0
12655,0.0
12661,0.0
12662,0.0
12665,0.0
12667,0.0
12668,0.0
12670,0.0
12673,0.0
12677,0.0
12678,0.0
12679,0.0
12680,0.0
12684,0.0
12698,0.0
12699,0.0
12700,0.0
12704,0.0
12705,0.0
12706,0.0
12711,0.0
12716,0.0
12717,0.0
12719,0.0
12722,0.0
12723,0.0
12724,0.0
12726,0.0
12729,0.0
12738,0.0
12743,0.0
12744,0.0
12747,0.0
12748,0.0
12750,0.0
12754,0.0
12755,0.0
12759,0.0
12767,0.0
12768,0.0
12771,0.0
12773,0.0
12777,0.0
12779,0.0
12781,0.0
12785,0.0
12789,0.0
12790,0.0
12793,0.0
12804,0.0
12805,0.0
12806,0.0
12807,0.0
12808,0.0
12813,0.0
12816,0.0
12817,0.0
12823,0.0
12825,0.0
12827,0.0
12828,0.0
12829,0.0
12833,0.0
12834,0.0
12835,0.0
12836,0.0
12837,0.0
12839,0.0
12841,0.0
12843,0.0
12844,0.0
12845,0.0
12846,0.0
12848,0.0
12849,0.0
12850,0.0
12852,0.0
12853,0.0
12854,0.0
12858,0.0
12861,0.0
12862,0.0
12864,0.0
12870,0.0
12872,0.0
12873,0.0
12877,0.0
12884,0.0
12885,0.0
12890,0.0
12892,0.0
12894,0.0
12899,0.0
12900,0.0
12902,0.0
12905,0.0
12908,0.0
12909,0.0
12912,0.0
12915,0.0
12916,0.0
12921,0.0
12937,0.0
12938,0.0
12943,0.0
12944,0.0
12947,0.0
12949,0.0
12950,0.0
12952,0.0
12954,0.0
12956,0.0
12962,0.0
12971,0.0
12972,0.0
12974,0.0
12979,0.0
12981,0.0
12985,0.0
12987,0.0
12990,0.0
12992,0.0
12993,0.0
12994,0.0
12997,0.0
12998,0.0
13000,0.0
13003,0.0
13008,0.0
13013,0.0
13014,0.0
13015,0.0
13018,0.0
13020,0.0
13021,0.0
13023,0.0
13024,0.0
13026,0.0
13027,0.0
13029,0.0
13036,0.0
13044,0.0
13046,0.0
13047,0.0
13048,0.0
13068,0.0
13070,0.0
13073,0.0
13074,0.0
13081,0.0
13084,0.0
13086,0.0
13094,0.0
13095,0.0
13096,0.0
13097,0.0
13099,0.0
13101,0.0
13105,0.0
13116,0.0
13117,0.0
13119,0.0
13120,0.0
13121,0.0
13122,0.0
13125,0.0
13127,0.0
13133,0.0
13136,0.0
13142,0.0
13143,0.0
13144,0.0
13145,0.0
13146,0.0
13150,0.0
13151,0.0
13152,0.0
13153,0.0
13156,0.0
13164,0.0
13167,0.0
13168,0.0
13173,0.0
13174,0.0
13176,0.0
13178,0.0
13182,0.0
13187,0.0
13192,0.0
13195,0.0
13196,0.0
13201,0.0
13205,0.0
13208,0.0
13210,0.0
13211,0.0
13212,0.0
13214,0.0
13216,0.0
13217,0.0
13225,0.0
13226,0.0
13227,0.0
13229,0.0
13234,0.0
13236,0.0
13237,0.0
13240,0.0
13250,0.0
13258,0.0
13259,0.0
13262,0.0
13264,0.0
13265,0.0
13267,0.0
13270,0.0
13271,0.0
13274,0.0
13277,0.0
13278,0.0
13281,0.0
13282,0.0
13286,0.0
13287,0.0
13291,0.0
13293,0.0
13296,0.0
13299,0.0
13304,0.0
13308,0.0
13312,0.0
13314,0.0
13317,0.0
13322,0.0
13329,0.0
13330,0.0
13332,0.0
13338,0.0
13339,0.0
13341,0.0
13344,0.0
13347,0.0
13351,0.0
13352,0.0
13354,0.0
13355,0.0
13356,0.0
13358,0.0
13360,0.0
13361,0.0
13362,0.0
13364,0.0
13365,0.0
13366,0.0
13371,0.0
13372,0.0
13377,0.0
13379,0.0
13386,0.0
13388,0.0
13390,0.0
13392,0.0
13394,0.0
13396,0.0
13397,0.0
13401,0.0
13402,0.0
13403,0.0
13406,0.0
13407,0.0
13408,0.0
13410,0.0
13411,0.0
13413,0.0
13414,0.0
13419,0.0
13431,0.0
13435,0.0
13437,0.0
13443,0.0
13451,0.0
13455,0.0
13457,0.0
13461,0.0
13464,0.0
13473,0.0
13478,0.0
13479,0.0
13482,0.0
13484,0.0
13485,0.0
13494,0.0
13498,0.0
13500,0.0
13503,0.0
13506,0.0
13508,0.0
13512,0.0
13513,0.0
13514,0.0
13515,0.0
13518,0.0
13519,0.0
13522,0.0
13524,0.0
13525,0.0
13528,0.0
13530,0.0
13531,0.0
13534,0.0
13537,0.0
13542,0.0
13547,0.0
13550,0.0
13552,0.0
13558,0.0
13559,0.0
13562,0.0
13564,0.0
13565,0.0
13566,0.0
13567,0.0
13573,0.0
13575,0.0
13577,0.0
13584,0.0
13586,0.0
13590,0.0
13592,0.0
13593,0.0
13597,0.0
13600,0.0
13604,0.0
13609,0.0
13611,0.0
13612,0.0
13615,0.0
13616,0.0
13617,0.0
13618,0.0
13620,0.0
13621,0.0
13623,0.0
13625,0.0
13629,0.0
13630,0.0
13639,0.0
13647,0.0
13650,0.0
13653,0.0
13656,0.0
13659,0.0
13661,0.0
13665,0.0
13666,0.0
13667,0.0
13669,0.0
13689,0.0
13692,0.0
13694,0.0
13696,0.0
13697,0.0
13698,0.0
13700,0.0
13706,0.0
13709,0.0
13714,0.0
13718,0.0
13720,0.0
13721,0.0
13724,0.0
13725,0.0
13729,0.0
13730,0.0
13732,0.0
13739,0.0
13740,0.0
13742,0.0
13743,0.0
13744,0.0
13748,0.0
13755,0.0
13760,0.0
13762,0.0
13764,0.0
13767,0.0
13768,0.0
13770,0.0
13771,0.0
13772,0.0
13776,0.0
13777,0.0
13778,0.0
13780,0.0
13781,0.0
13783,0.0
13784,0.0
13786,0.0
13787,0.0
13788,0.0
13795,0.0
13798,0.0
13799,0.0
13800,0.0
13802,0.0
13806,0.0
13812,0.0
13815,0.0
13821,0.0
13822,0.0
13823,0.0
13826,0.0
13827,0.0
13830,0.0
13838,0.0
13839,0.0
13843,0.0
13847,0.0
13849,0.0
13852,0.0
13853,0.0
13859,0.0
13860,0.0
13861,0.0
13863,0.0
13870,0.0
13871,0.0
13878,0.0
13881,0.0
13887,0.0
13889,0.0
13890,0.0
13894,0.0
13895,0.0
13896,0.0
13899,0.0
13903,0.0
13905,0.0
13909,0.0
13915,0.0
13917,0.0
13923,0.0
13925,0.0
13932,0.0
13935,0.0
13943,0.0
13944,0.0
13945,0.0
13947,0.0
13948,0.0
13951,0.0
13952,0.0
13953,0.0
13956,0.0
13960,0.0
13965,0.0
13970,0.0
13975,0.0
13980,0.0
13982,0.0
13988,0.0
13989,0.0
13993,0.0
13995,0.0
13996,0.0
13997,0.0
14002,0.0
14004,0.0
14007,0.0
14013,0.0
14016,0.0
14020,0.0
14021,0.0
14030,0.0
14031,0.0
14036,0.0
14037,0.0
14038,0.0
14042,0.0
14046,0.0
14052,0.0
14054,0.0
14055,0.0
14056,0.0
14060,0.0
14061,0.0
14063,0.0
14064,0.0
14066,0.0
14070,0.0
14071,0.0
14072,0.0
14075,0.0
14080,0.0
14088,0.0
14091,0.0
14092,0.0
14097,0.0
14103,0.0
14104,0.0
14107,0.0
14110,0.0
14112,0.0
14113,0.0
14114,0.0
14116,0.0
14123,0.0
14126,0.0
14129,0.0
14131,0.0
14132,0.0
14133,0.0
14137,0.0
14140,0.0
14150,0.0
14153,0.0
14154,0.0
14158,0.0
14159,0.0
14161,0.0
14163,0.0
14164,0.0
14165,0.0
14166,0.0
14170,0.0
14171,0.0
14173,0.0
14174,0.0
14177,0.0
14178,0.0
14181,0.0
14183,0.0
14184,0.0
14189,0.0
14192,0.0
14196,0.0
14199,0.0
14207,0.0
14208,0.0
14215,0.0
14218,0.0
14219,0.0
14221,0.0
14224,0.0
14228,0.0
14230,0.0
14234,0.0
14237,0.0
14240,0.0
14241,0.0
14244,0.0
14245,0.0
14247,0.0
14249,0.0
14255,0.0
14261,0.0
14262,0.0
14263,0.0
14266,0.0
14267,0.0
14268,0.0
14269,0.0
14271,0.0
14272,0.0
14273,0.0
14275,0.0
14282,0.0
14284,0.0
14290,0.0
14292,0.0
14294,0.0
14299,0.0
14303,0.0
14304,0.0
14306,0.0
14307,0.0
14308,0.0
14309,0.0
14311,0.0
14313,0.0
14318,0.0
14320,0.0
14323,0.0
14324,0.0
14325,0.0
14328,0.0
14329,0.0
14333,0.0
14339,0.0
14347,0.0
14350,0.0
14352,0.0
14355,0.0
14356,0.0
14357,0.0
14359,0.0
14362,0.0
14365,0.0
14367,0.0
14368,0.0
14369,0.0
14373,0.0
14377,0.0
14385,0.0
14386,0.0
14388,0.0
14392,0.0
14393,0.0
14394,0.0
14397,0.0
14407,0.0
14412,0.0
14415,0.0
14416,0.0
14419,0.0
14424,0.0
14428,0.0
14431,0.0
14433,0.0
14434,0.0
14435,0.0
14438,0.0
14442,0.0
14444,0.0
14445,0.0
14446,0.0
14447,0.0
14449,0.0
14451,0.0
14453,0.0
14454,0.0
14455,0.0
14456,0.0
14458,0.0
14463,0.0
14466,0.0
14470,0.0
14471,0.0
14472,0.0
14473,0.0
14476,0.0
14478,0.0
14479,0.0
14485,0.0
14489,0.0
14492,0.0
14494,0.0
14495,0.0
14496,0.0
14497,0.0
14500,0.0
14503,0.0
14505,0.0
14506,0.0
14509,0.0
14511,0.0
14512,0.0
14513,0.0
14514,0.0
14518,0.0
14520,0.0
14521,0.0
14526,0.0
14531,0.0
14532,0.0
14534,0.0
14535,0.0
14537,0.0
14538,0.0
14541,0.0
14542,0.0
14546,0.0
14550,0.0
14551,0.0
14555,0.0
14557,0.0
14559,0.0
14563,0.0
14565,0.0
14572,0.0
14573,0.0
14575,0.0
14580,0.0
14581,0.0
14584,0.0
14593,0.0
14596,0.0
14597,0.0
14598,0.0
14602,0.0
14607,0.0
14611,0.0
14613,0.0
14623,0.0
14624,0.0
14626,0.0
14631,0.0
14635,0.0
14638,0.0
14642,0.0
14648,0.0
14650,0.0
14652,0.0
14660,0.0
14662,0.0
14664,0.0
14666,0.0
14668,0.0
14670,0.0
14673,0.0
14677,0.0
14682,0.0
14684,0.0
14691,0.0
14694,0.0
14695,0.0
14701,0.0
14704,0.0
14705,0.0
14706,0.0
14709,0.0
14710,0.0
14711,0.0
14712,0.0
14715,0.0
14717,0.0
14719,0.0
14722,0.0
14727,0.0
14728,0.0
14729,0.0
14731,0.0
14732,0.0
14733,0.0
14737,0.0
14739,0.0
14740,0.0
14741,0.0
14742,0.0
14747,0.0
14750,0.0
14757,0.0
14758,0.0
14759,0.0
14761,0.0
14763,0.0
14769,0.0
14770,0.0
14772,0.0
14773,0.0
14774,0.0
14775,0.0
14778,0.0
14780,0.0
14783,0.0
14786,0.0
14790,0.0
14793,0.0
14795,0.0
14796,0.0
14800,0.0
14801,0.0
14807,0.0
14812,0.0
14816,0.0
14820,0.0
14821,0.0
14822,0.0
14825,0.0
14827,0.0
14828,0.0
14834,0.0
14845,0.0
14852,0.0
14856,0.0
14859,0.0
14861,0.0
14866,0.0
14871,0.0
14873,0.0
14874,0.0
14876,0.0
14882,0.0
14885,0.0
14887,0.0
14888,0.0
14891,0.0
14894,0.0
14895,0.0
14896,0.0
14898,0.0
14900,0.0
14901,0.0
14902,0.0
14903,0.0
14904,0.0
14908,0.0
14911,0.0
14917,0.0
14919,0.0
14921,0.0
14927,0.0
14929,0.0
14934,0.0
14938,0.0
14944,0.0
14948,0.0
14950,0.0
14951,0.0
14954,0.0
14956,0.0
14958,0.0
14959,0.0
14960,0.0
14961,0.0
14963,0.0
14966,0.0
14967,0.0
14968,0.0
14969,0.0
14970,0.0
14971,0.0
14974,0.0
14976,0.0
14981,0.0
14985,0.0
14986,0.0
14988,0.0
14989,0.0
14991,0.0
14994,0.0
14997,0.0
15002,0.0
15003,0.0
15005,0.0
15008,0.0
15012,0.0
15013,0.0
15017,0.0
15019,0.0
15022,0.0
15028,0.0
15033,0.0
15034,0.0
15037,0.0
15042,0.0
15043,0.0
15044,0.0
15048,0.0
15049,0.0
15056,0.0
15057,0.0
15060,0.0
15065,0.0
15071,0.0
15075,0.0
15078,0.0
15081,0.0
15082,0.0
15084,0.0
15087,0.0
15088,0.0
15091,0.0
15092,0.0
15097,0.0
15099,0.0
15101,0.0
15102,0.0
15103,0.0
15104,0.0
15106,0.0
15108,0.0
15112,0.0
15113,0.0
15116,0.0
15117,0.0
15121,0.0
15123,0.0
15126,0.0
15127,0.0
15142,0.0
15145,0.0
15147,0.0
15151,0.0
15163,0.0
15164,0.0
15168,0.0
15171,0.0
15175,0.0
15178,0.0
15180,0.0
15186,0.0
15188,0.0
15192,0.0
15196,0.0
15199,0.0
15200,0.0
15202,0.0
15206,0.0
15209,0.0
15212,0.0
15218,0.0
15224,0.0
15228,0.0
15231,0.0
15232,0.0
15239,0.0
15240,0.0
15242,0.0
15244,0.0
15249,0.0
15255,0.0
15257,0.0
15258,0.0
15259,0.0
15260,0.0
15262,0.0
15265,0.0
15271,0.0
15272,0.0
15273,0.0
15280,0.0
15281,0.0
15283,0.0
15284,0.0
15287,0.0
15288,0.0
15290,0.0
15291,0.0
15292,0.0
15295,0.0
15299,0.0
15300,0.0
15301,0.0
15303,0.0
15308,0.0
15309,0.0
15314,0.0
15318,0.0
15322,0.0
15323,0.0
15325,0.0
15327,0.0
15333,0.0
15335,0.0
15337,0.0
15339,0.0
15342,0.0
15346,0.0
15349,0.0
15350,0.0
15352,0.0
15353,0.0
15357,0.0
15358,0.0
15362,0.0
15363,0.0
15364,0.0
15368,0.0
15375,0.0
15386,0.0
15390,0.0
15393,0.0
15396,0.0
15398,0.0
15400,0.0
15402,0.0
15403,0.0
15411,0.0
15413,0.0
15420,0.0
15427,0.0
15430,0.0
15434,0.0
15435,0.0
15437,0.0
15439,0.0
15442,0.0
15444,0.0
15448,0.0
15454,0.0
15456,0.0
15460,0.0
15464,0.0
15465,0.0
15468,0.0
15469,0.0
15470,0.0
15475,0.0
15478,0.0
15481,0.0
15482,0.0
15484,0.0
15493,0.0
15496,0.0
15497,0.0
15498,0.0
15506,0.0
15507,0.0
15514,0.0
15515,0.0
15517,0.0
15519,0.0
15524,0.0
15526,0.0
15528,0.0
15529,0.0
15534,0.0
15535,0.0
15536,0.0
15538,0.0
15539,0.0
15540,0.0
15543,0.0
15544,0.0
15545,0.0
15547,0.0
15550,0.0
15551,0.0
15552,0.0
15554,0.0
15556,0.0
15560,0.0
15562,0.0
15564,0.0
15565,0.0
15568,0.0
15570,0.0
15572,0.0
15575,0.0
15580,0.0
15581,0.0
15582,0.0
15597,0.0
15599,0.0
15600,0.0
15603,0.0
15604,0.0
15607,0.0
15612,0.0
15613,0.0
15615,0.0
15624,0.0
15625,0.0
15628,0.0
15629,0.0
15631,0.0
15638,0.0
15639,0.0
15646,0.0
15647,0.0
15655,0.0
15656,0.0
15657,0.0
15658,0.0
15662,0.0
15665,0.0
15666,0.0
15670,0.0
15674,0.0
15675,0.0
15677,0.0
15679,0.0
15688,0.0
15689,0.0
15690,0.0
15693,0.0
15696,0.0
15697,0.0
15699,0.0
15705,0.0
15710,0.0
15712,0.0
15713,0.0
15716,0.0
15720,0.0
15721,0.0
15726,0.0
15729,0.0
15734,0.0
15741,0.0
15743,0.0
15745,0.0
15746,0.0
15747,0.0
15748,0.0
15754,0.0
15755,0.0
15756,0.0
15758,0.0
15761,0.0
15764,0.0
15767,0.0
15772,0.0
15773,0.0
15774,0.0
15775,0.0
15780,0.0
15783,0.0
15787,0.0
15788,0.0
15789,0.0
15790,0.0
15791,0.0
15792,0.0
15797,0.0
15805,0.0
15806,0.0
15807,0.0
15809,0.0
15810,0.0
15811,0.0
15812,0.0
15813,0.0
15818,0.0
15822,0.0
15829,0.0
15830,0.0
15833,0.0
15837,0.0
15838,0.0
15839,0.0
15841,0.0
15843,0.0
15849,0.0
15850,0.0
15854,0.0
15857,0.0
15859,0.0
15864,0.0
15865,0.0
15873,0.0
15875,0.0
15879,0.0
15883,0.0
15885,0.0
15892,0.0
15893,0.0
15894,0.0
15897,0.0
15898,0.0
15900,0.0
15901,0.0
15907,0.0
15911,0.0
15913,0.0
15918,0.0
15919,0.0
15922,0.0
15927,0.0
15930,0.0
15931,0.0
15933,0.0
15935,0.0
15936,0.0
15937,0.0
15940,0.0
15941,0.0
15943,0.0
15944,0.0
15947,0.0
15953,0.0
15954,0.0
15955,0.0
15961,0.0
15964,0.0
15965,0.0
15969,0.0
15970,0.0
15972,0.0
15973,0.0
15974,0.0
15978,0.0
15979,0.0
15980,0.0
15981,0.0
15984,0.0
15985,0.0
15989,0.0
15992,0.0
15994,0.0
15995,0.0
15998,0.0
16000,0.0
16007,0.0
16008,0.0
16009,0.0
16010,0.0
16011,0.0
16013,0.0
16014,0.0
16017,0.0
16019,0.0
16025,0.0
16027,0.0
16032,0.0
16035,0.0
16036,0.0
16037,0.0
16046,0.0
16052,0.0
16055,0.0
16066,0.0
16069,0.0
16072,0.0
16074,0.0
16082,0.0
16091,0.0
16094,0.0
16100,0.0
16101,0.0
16103,0.0
16104,0.0
16108,0.0
16109,0.0
16112,0.0
16121,0.0
16122,0.0
16124,0.0
16125,0.0
16126,0.0
16133,0.0
16137,0.0
16138,0.0
16142,0.0
16145,0.0
16146,0.0
16157,0.0
16158,0.0
16159,0.0
16164,0.0
16165,0.0
16166,0.0
16169,0.0
16170,0.0
16175,0.0
16176,0.0
16181,0.0
16185,0.0
16188,0.0
16191,0.0
16192,0.0
16197,0.0
16201,0.0
16203,0.0
16214,0.0
16217,0.0
16218,0.0
16228,0.0
16232,0.0
16234,0.0
16235,0.0
16236,0.0
16246,0.0
16247,0.0
16248,0.0
16251,0.0
16252,0.0
16255,0.0
16259,0.0
16262,0.0
16264,0.0
16265,0.0
16267,0.0
16268,0.0
16270,0.0
16274,0.0
16278,0.0
16279,0.0
16280,0.0
16282,0.0
16288,0.0
16292,0.0
16293,0.0
16295,0.0
16302,0.0
16303,0.0
16305,0.0
16309,0.0
16310,0.0
16312,0.0
16316,0.0
16317,0.0
16319,0.0
16323,0.0
16324,0.0
16325,0.0
16326,0.0
16329,0.0
16335,0.0
16337,0.0
16338,0.0
16339,0.0
16342,0.0
16345,0.0
16350,0.0
16353,0.0
16354,0.0
16360,0.0
16365,0.0
16372,0.0
16375,0.0
16376,0.0
16379,0.0
16382,0.0
16385,0.0
16391,0.0
16397,0.0
16400,0.0
16405,0.0
16410,0.0
16411,0.0
16422,0.0
16423,0.0
16424,0.0
16427,0.0
16429,0.0
16430,0.0
16432,0.0
16434,0.0
16442,0.0
16443,0.0
16444,0.0
16448,0.0
16451,0.0
16453,0.0
16457,0.0
16460,0.0
16466,0.0
16472,0.0
16476,0.0
16478,0.0
16479,0.0
16481,0.0
16485,0.0
16486,0.0
16493,0.0
16494,0.0
16495,0.0
16498,0.0
16502,0.0
16509,0.0
16512,0.0
16519,0.0
16521,0.0
16525,0.0
16526,0.0
16528,0.0
16534,0.0
16536,0.0
16537,0.0
16542,0.0
16544,0.0
16548,0.0
16549,0.0
16550,0.0
16551,0.0
16558,0.0
16560,0.0
16565,0.0
16578,0.0
16580,0.0
16581,0.0
16584,0.0
16588,0.0
16589,0.0
16597,0.0
16599,0.0
16601,0.0
16603,0.0
16605,0.0
16607,0.0
16608,0.0
16615,0.0
16617,0.0
16620,0.0
16621,0.0
16624,0.0
16632,0.0
16635,0.0
16636,0.0
16639,0.0
16640,0.0
16641,0.0
16644,0.0
16647,0.0
16651,0.0
16652,0.0
16653,0.0
16656,0.0
16663,0.0
16666,0.0
16672,0.0
16675,0.0
16681,0.0
16684,0.0
16686,0.0
16689,0.0
16692,0.0
16693,0.0
16694,0.0
16697,0.0
16698,0.0
16709,0.0
16710,0.0
16713,0.0
16715,0.0
16723,0.0
16724,0.0
16726,0.0
16730,0.0
16732,0.0
16734,0.0
16742,0.0
16743,0.0
16745,0.0
16748,0.0
16750,0.0
16751,0.0
16753,0.0
16754,0.0
16755,0.0
16759,0.0
16761,0.0
16767,0.0
16768,0.0
16771,0.0
16772,0.0
16773,0.0
16774,0.0
16775,0.0
16776,0.0
16777,0.0
16778,0.0
16783,0.0
16785,0.0
16788,0.0
16789,0.0
16793,0.0
16797,0.0
16802,0.0
16803,0.0
16804,0.0
16806,0.0
16811,0.0
16813,0.0
16818,0.0
16821,0.0
16824,0.0
16830,0.0
16835,0.0
16836,0.0
16842,0.0
16843,0.0
16844,0.0
16848,0.0
16849,0.0
16857,0.0
16858,0.0
16862,0.0
16869,0.0
16870,0.0
16871,0.0
16876,0.0
16879,0.0
16882,0.0
16884,0.0
16885,0.0
16889,0.0
16894,0.0
16896,0.0
16897,0.0
16901,0.0
16902,0.0
16906,0.0
16907,0.0
16909,0.0
16910,0.0
16911,0.0
16915,0.0
16918,0.0
16919,0.0
16920,0.0
16923,0.0
16924,0.0
16925,0.0
16929,0.0
16933,0.0
16934,0.0
16935,0.0
16936,0.0
16937,0.0
16938,0.0
16939,0.0
16941,0.0
16945,0.0
16948,0.0
16950,0.0
16957,0.0
16959,0.0
16961,0.0
16962,0.0
16965,0.0
16968,0.0
16972,0.0
16976,0.0
16979,0.0
16980,0.0
16981,0.0
16982,0.0
16983,0.0
16993,0.0
16997,0.0
17002,0.0
17006,0.0
17007,0.0
17008,0.0
17012,0.0
17013,0.0
17014,0.0
17015,0.0
17024,0.0
17026,0.0
17027,0.0
17030,0.0
17033,0.0
17034,0.0
17038,0.0
17039,0.0
17043,0.0
17044,0.0
17045,0.0
17053,0.0
17054,0.0
17059,0.0
17063,0.0
17071,0.0
17079,0.0
17081,0.0
17091,0.0
17093,0.0
17094,0.0
17096,0.0
17099,0.0
17100,0.0
17102,0.0
17104,0.0
17106,0.0
17109,0.0
17111,0.0
17114,0.0
17116,0.0
17117,0.0
17120,0.0
17121,0.0
17125,0.0
17132,0.0
17136,0.0
17140,0.0
17148,0.0
17152,0.0
17154,0.0
17156,0.0
17157,0.0
17158,0.0
17159,0.0
17161,0.0
17169,0.0
17170,0.0
17172,0.0
17173,0.0
17176,0.0
17177,0.0
17178,0.0
17179,0.0
17186,0.0
17187,0.0
17188,0.0
17191,0.0
17192,0.0
17193,0.0
17196,0.0
17206,0.0
17207,0.0
17211,0.0
17214,0.0
17220,0.0
17224,0.0
17225,0.0
17228,0.0
17230,0.0
17231,0.0
17232,0.0
17235,0.0
17237,0.0
17239,0.0
17241,0.0
17242,0.0
17244,0.0
17247,0.0
17248,0.0
17250,0.0
17255,0.0
17259,0.0
17260,0.0
17261,0.0
17263,0.0
17266,0.0
17267,0.0
17273,0.0
17275,0.0
17277,0.0
17278,0.0
17279,0.0
17282,0.0
17284,0.0
17286,0.0
17289,0.0
17290,0.0
17291,0.0
17292,0.0
17293,0.0
17295,0.0
17297,0.0
17299,0.0
17300,0.0
17302,0.0
17306,0.0
17307,0.0
17309,0.0
17314,0.0
17315,0.0
17316,0.0
17317,0.0
17318,0.0
17320,0.0
17321,0.0
17324,0.0
17325,0.0
17327,0.0
17328,0.0
17329,0.0
17330,0.0
17332,0.0
17335,0.0
17338,0.0
17343,0.0
17347,0.0
17351,0.0
17352,0.0
17354,0.0
17355,0.0
17357,0.0
17359,0.0
17376,0.0
17378,0.0
17381,0.0
17382,0.0
17383,0.0
17389,0.0
17390,0.0
17391,0.0
17394,0.0
17395,0.0
17398,0.0
17399,0.0
17401,0.0
17403,0.0
17410,0.0
17415,0.0
17417,0.0
17422,0.0
17424,0.0
17426,0.0
17429,0.0
17430,0.0
17431,0.0
17433,0.0
17436,0.0
17437,0.0
17438,0.0
17444,0.0
17446,0.0
17447,0.0
17448,0.0
17452,0.0
17457,0.0
17458,0.0
17469,0.0
17471,0.0
17473,0.0
17475,0.0
17477,0.0
17478,0.0
17481,0.0
17482,0.0
17486,0.0
17487,0.0
17489,0.0
17493,0.0
17496,0.0
17497,0.0
17500,0.0
17504,0.0
17506,0.0
17511,0.0
17517,0.0
17525,0.0
17530,0.0
17535,0.0
17536,0.0
17537,0.0
17549,0.0
17552,0.0
17553,0.0
17554,0.0
17560,0.0
17562,0.0
17563,0.0
17564,0.0
17566,0.0
17568,0.0
17570,0.0
17572,0.0
17578,0.0
17579,0.0
17583,0.0
17587,0.0
17589,0.0
17596,0.0
17600,0.0
17601,0.0
17603,0.0
17606,0.0
17607,0.0
17608,0.0
17619,0.0
17621,0.0
17624,0.0
17630,0.0
17631,0.0
17632,0.0
17635,0.0
17637,0.0
17643,0.0
17645,0.0
17649,0.0
17664,0.0
17665,0.0
17666,0.0
17667,0.0
17669,0.0
17680,0.0
17683,0.0
17686,0.0
17687,0.0
17690,0.0
17695,0.0
17699,0.0
17700,0.0
17712,0.0
17714,0.0
17715,0.0
17716,0.0
17719,0.0
17721,0.0
17723,0.0
17724,0.0
17728,0.0
17733,0.0
17735,0.0
17740,0.0
17742,0.0
17743,0.0
17747,0.0
17751,0.0
17752,0.0
17755,0.0
17756,0.0
17758,0.0
17759,0.0
17765,0.0
17768,0.0
17770,0.0
17774,0.0
17782,0.0
17790,0.0
17793,0.0
17794,0.0
17795,0.0
17799,0.0
17801,0.0
17804,0.0
17808,0.0
17811,0.0
17812,0.0
17820,0.0
17823,0.0
17825,0.0
17826,0.0
17827,0.0
17828,0.0
17832,0.0
17836,0.0
17837,0.0
17841,0.0
17846,0.0
17847,0.0
17853,0.0
17861,0.0
17862,0.0
17863,0.0
17864,0.0
17868,0.0
17871,0.0
17872,0.0
17875,0.0
17876,0.0
17882,0.0
17883,0.0
17890,0.0
17891,0.0
17897,0.0
17898,0.0
17900,0.0
17901,0.0
17904,0.0
17907,0.0
17908,0.0
17909,0.0
17910,0.0
17913,0.0
17921,0.0
17923,0.0
17925,0.0
17930,0.0
17931,0.0
17933,0.0
17934,0.0
17940,0.0
17946,0.0
17947,0.0
17952,0.0
17956,0.0
17972,0.0
17974,0.0
17975,0.0
17976,0.0
17977,0.0
17983,0.0
17985,0.0
17987,0.0
17988,0.0
17990,0.0
17996,0.0
17997,0.0
17998,0.0
18003,0.0
18004,0.0
18006,0.0
18010,0.0
18011,0.0
18014,0.0
18024,0.0
18026,0.0
18027,0.0
18029,0.0
18031,0.0
18033,0.0
18034,0.0
18041,0.0
18045,0.0
18046,0.0
18052,0.0
18058,0.0
18059,0.0
18060,0.0
18061,0.0
18068,0.0
18069,0.0
18070,0.0
18076,0.0
18077,0.0
18078,0.0
18084,0.0
18086,0.0
18087,0.0
18088,0.0
18092,0.0
18093,0.0
18102,0.0
18103,0.0
18106,0.0
18110,0.0
18114,0.0
18116,0.0
18117,0.0
18118,0.0
18119,0.0
18120,0.0
18122,0.0
18123,0.0
18124,0.0
18128,0.0
18135,0.0
18138,0.0
18141,0.0
18145,0.0
18146,0.0
18149,0.0
18151,0.0
18154,0.0
18159,0.0
18161,0.0
18163,0.0
18168,0.0
18170,0.0
18172,0.0
18176,0.0
18183,0.0
18184,0.0
18185,0.0
18192,0.0
18193,0.0
18201,0.0
18206,0.0
18208,0.0
18214,0.0
18216,0.0
18220,0.0
18223,0.0
18224,0.0
18225,0.0
18226,0.0
18227,0.0
18228,0.0
18229,0.0
18230,0.0
18231,0.0
18235,0.0
18238,0.0
18240,0.0
18241,0.0
18243,0.0
18249,0.0
18252,0.0
18257,0.0
18259,0.0
18260,0.0
18261,0.0
18266,0.0
18270,0.0
18271,0.0
18273,0.0
18275,0.0
18276,0.0
18281,0.0
18286,0.0
18287,0.0
18288,0.0
18289,0.0
18294,0.0
18295,0.0
18296,0.0
18301,0.0
18306,0.0
18310,0.0
18312,0.0
18315,0.0
18317,0.0
18322,0.0
18324,0.0
18325,0.0
18329,0.0
18336,0.0
18337,0.0
18341,0.0
18345,0.0
18352,0.0
18353,0.0
18354,0.0
18357,0.0
18358,0.0
18359,0.0
18361,0.0
18373,0.0
18376,0.0
18377,0.0
18378,0.0
18379,0.0
18385,0.0
18386,0.0
18388,0.0
18389,0.0
18391,0.0
18394,0.0
18398,0.0
18399,0.0
18403,0.0
18405,0.0
18407,0.0
18410,0.0
18412,0.0
18413,0.0
18424,0.0
18431,0.0
18439,0.0
18444,0.0
18449,0.0
18454,0.0
18457,0.0
18458,0.0
18459,0.0
18460,0.0
18463,0.0
18466,0.0
18469,0.0
18473,0.0
18480,0.0
18496,0.0
18499,0.0
18500,0.0
18501,0.0
18502,0.0
18504,0.0
18509,0.0
18511,0.0
18514,0.0
18516,0.0
18517,0.0
18518,0.0
18519,0.0
18520,0.0
18524,0.0
18527,0.0
18532,0.0
18534,0.0
18538,0.0
18545,0.0
18547,0.0
18548,0.0
18551,0.0
18554,0.0
18555,0.0
18558,0.0
18560,0.0
18566,0.0
18567,0.0
18571,0.0
18573,0.0
18577,0.0
18582,0.0
18586,0.0
18587,0.0
18589,0.0
18591,0.0
18596,0.0
18601,0.0
18602,0.0
18603,0.0
18605,0.0
18606,0.0
18609,0.0
18616,0.0
18622,0.0
18628,0.0
18629,0.0
18631,0.0
18636,0.0
18637,0.0
18647,0.0
18649,0.0
18650,0.0
18651,0.0
18652,0.0
18653,0.0
18658,0.0
18659,0.0
18661,0.0
18662,0.0
18666,0.0
18670,0.0
18671,0.0
18674,0.0
18676,0.0
18679,0.0
18682,0.0
18685,0.0
18686,0.0
18687,0.0
18688,0.0
18691,0.0
18693,0.0
18697,0.0
18700,0.0
18703,0.0
18707,0.0
18711,0.0
18713,0.0
18722,0.0
18725,0.0
18732,0.0
18733,0.0
18735,0.0
18739,0.0
18743,0.0
18746,0.0
18750,0.0
18752,0.0
18754,0.0
18755,0.0
18757,0.0
18758,0.0
18759,0.0
18760,0.0
18761,0.0
18767,0.0
18790,0.0
18791,0.0
18792,0.0
18796,0.0
18799,0.0
18801,0.0
18807,0.0
18809,0.0
18810,0.0
18811,0.0
18812,0.0
18813,0.0
18814,0.0
18816,0.0
18817,0.0
18819,0.0
18822,0.0
18823,0.0
18827,0.0
18835,0.0
18836,0.0
18838,0.0
18839,0.0
18849,0.0
18852,0.0
18853,0.0
18855,0.0
18856,0.0
18859,0.0
18866,0.0
18868,0.0
18873,0.0
18874,0.0
18876,0.0
18878,0.0
18881,0.0
18882,0.0
18883,0.0
18884,0.0
18892,0.0
18894,0.0
18897,0.0
18898,0.0
18901,0.0
18903,0.0
18905,0.0
18908,0.0
18910,0.0
18915,0.0
18916,0.0
18918,0.0
18919,0.0
18920,0.0
18921,0.0
18922,0.0
18935,0.0
18936,0.0
18938,0.0
18939,0.0
18940,0.0
18945,0.0
18947,0.0
18948,0.0
18950,0.0
18953,0.0
18955,0.0
18957,0.0
18959,0.0
18961,0.0
18962,0.0
18964,0.0
18968,0.0
18972,0.0
18973,0.0
18977,0.0
18981,0.0
18985,0.0
18986,0.0
18987,0.0
18992,0.0
18995,0.0
19000,0.0
19001,0.0
19002,0.0
19003,0.0
19005,0.0
19006,0.0
19011,0.0
19013,0.0
19015,0.0
19017,0.0
19018,0.0
19024,0.0
19025,0.0
19026,0.0
19028,0.0
19029,0.0
19030,0.0
19038,0.0
19039,0.0
19040,0.0
19041,0.0
19042,0.0
19046,0.0
19049,0.0
19050,0.0
19053,0.0
19056,0.0
19057,0.0
19058,0.0
19061,0.0
19068,0.0
19073,0.0
19077,0.0
19082,0.0
19091,0.0
19092,0.0
19096,0.0
19098,0.0
19101,0.0
19102,0.0
19103,0.0
19107,0.0
19108,0.0
19110,0.0
19111,0.0
19115,0.0
19119,0.0
19120,0.0
19121,0.0
19122,0.0
19125,0.0
19128,0.0
19133,0.0
19134,0.0
19135,0.0
19136,0.0
19138,0.0
19141,0.0
19142,0.0
19143,0.0
19149,0.0
19151,0.0
19152,0.0
19168,0.0
19170,0.0
19171,0.0
19176,0.0
19177,0.0
19179,0.0
19182,0.0
19183,0.0
19184,0.0
19185,0.0
19190,0.0
19192,0.0
19193,0.0
19195,0.0
19197,0.0
19198,0.0
19200,0.0
19207,0.0
19210,0.0
19214,0.0
19218,0.0
19220,0.0
19224,0.0
19226,0.0
19230,0.0
19231,0.0
19238,0.0
19243,0.0
19246,0.0
19253,0.0
19254,0.0
19255,0.0
19256,0.0
19259,0.0
19262,0.0
19264,0.0
19269,0.0
19282,0.0
19285,0.0
19288,0.0
19291,0.0
19295,0.0
19297,0.0
19299,0.0
19306,0.0
19311,0.0
19315,0.0
19316,0.0
19322,0.0
19325,0.0
19328,0.0
19331,0.0
19333,0.0
19334,0.0
19337,0.0
19339,0.0
19343,0.0
19356,0.0
19357,0.0
19360,0.0
19363,0.0
19366,0.0
19368,0.0
19369,0.0
19371,0.0
19374,0.0
19376,0.0
19377,0.0
19378,0.0
19381,0.0
19382,0.0
19385,0.0
19386,0.0
19391,0.0
19393,0.0
19395,0.0
19397,0.0
19399,0.0
19400,0.0
19402,0.0
19404,0.0
19407,0.0
19409,0.0
19410,0.0
19413,0.0
19414,0.0
19415,0.0
19416,0.0
19418,0.0
19419,0.0
19421,0.0
19422,0.0
19427,0.0
19431,0.0
19433,0.0
19435,0.0
19436,0.0
19437,0.0
19440,0.0
19442,0.0
19448,0.0
19450,0.0
19452,0.0
19455,0.0
19456,0.0
19459,0.0
19464,0.0
19466,0.0
19468,0.0
19470,0.0
19471,0.0
19475,0.0
19479,0.0
19486,0.0
19487,0.0
19488,0.0
19491,0.0
19496,0.0
19498,0.0
19502,0.0
19511,0.0
19520,0.0
19521,0.0
19522,0.0
19524,0.0
19525,0.0
19529,0.0
19530,0.0
19532,0.0
19536,0.0
19541,0.0
19542,0.0
19543,0.0
19544,0.0
19546,0.0
19549,0.0
19550,0.0
19559,0.0
19560,0.0
19562,0.0
19563,0.0
19567,0.0
19570,0.0
19572,0.0
19583,0.0
19587,0.0
19591,0.0
19592,0.0
19597,0.0
19598,0.0
19600,0.0
19605,0.0
19609,0.0
19611,0.0
19616,0.0
19617,0.0
19618,0.0
19620,0.0
19622,0.0
19623,0.0
19630,0.0
19631,0.0
19633,0.0
19635,0.0
19636,0.0
19641,0.0
19644,0.0
19648,0.0
19649,0.0
19650,0.0
19651,0.0
19654,0.0
19655,0.0
19659,0.0
19663,0.0
19667,0.0
19668,0.0
19669,0.0
19670,0.0
19671,0.0
19672,0.0
19674,0.0
19675,0.0
19676,0.0
19681,0.0
19683,0.0
19685,0.0
19691,0.0
19701,0.0
19709,0.0
19711,0.0
19712,0.0
19713,0.0
19714,0.0
19716,0.0
19725,0.0
19726,0.0
19729,0.0
19735,0.0
19739,0.0
19741,0.0
19747,0.0
19749,0.0
19750,0.0
19753,0.0
19757,0.0
19758,0.0
19759,0.0
19761,0.0
19765,0.0
19768,0.0
19770,0.0
19771,0.0
19773,0.0
19774,0.0
19778,0.0
19781,0.0
19783,0.0
19784,0.0
19788,0.0
19789,0.0
19795,0.0
19802,0.0
19804,0.0
19807,0.0
19810,0.0
19811,0.0
19812,0.0
19823,0.0
19826,0.0
19828,0.0
19830,0.0
19838,0.0
19842,0.0
19844,0.0
19845,0.0
19846,0.0
19848,0.0
19851,0.0
19854,0.0
19858,0.0
19863,0.0
19865,0.0
19871,0.0
19872,0.0
19873,0.0
19875,0.0
19876,0.0
19877,0.0
19879,0.0
19880,0.0
19883,0.0
19890,0.0
19893,0.0
19897,0.0
19900,0.0
19903,0.0
19904,0.0
19908,0.0
19911,0.0
19916,0.0
19919,0.0
19922,0.0
19924,0.0
19929,0.0
19938,0.0
19942,0.0
19943,0.0
19944,0.0
19946,0.0
19947,0.0
19951,0.0
19953,0.0
19957,0.0
19958,0.0
19959,0.0
19963,0.0
19965,0.0
19966,0.0
19971,0.0
19981,0.0
19982,0.0
19984,0.0
19986,0.0
19995,0.0
19996,0.0
20005,0.0
20006,0.0
20007,0.0
20010,0.0
20011,0.0
20012,0.0
20013,0.0
20017,0.0
20019,0.0
20020,0.0
20022,0.0
20025,0.0
20031,0.0
20032,0.0
20034,0.0
20037,0.0
20047,0.0
20048,0.0
20049,0.0
20050,0.0
20052,0.0
20053,0.0
20058,0.0
20059,0.0
20061,0.0
20064,0.0
20066,0.0
20069,0.0
20070,0.0
20071,0.0
20078,0.0
20080,0.0
20083,0.0
20088,0.0
20091,0.0
20093,0.0
20097,0.0
20100,0.0
20102,0.0
20107,0.0
20110,0.0
20111,0.0
20115,0.0
20116,0.0
20121,0.0
20124,0.0
20127,0.0
20137,0.0
20138,0.0
20139,0.0
20141,0.0
20143,0.0
20146,0.0
20148,0.0
20154,0.0
20157,0.0
20159,0.0
20164,0.0
20167,0.0
20170,0.0
20174,0.0
20176,0.0
20185,0.0
20190,0.0
20192,0.0
20199,0.0
20202,0.0
20204,0.0
20213,0.0
20217,0.0
20218,0.0
20220,0.0
20221,0.0
20222,0.0
20225,0.0
20229,0.0
20238,0.0
20240,0.0
20241,0.0
20243,0.0
20244,0.0
20245,0.0
20246,0.0
20248,0.0
20251,0.0
20252,0.0
20257,0.0
20258,0.0
20263,0.0
20265,0.0
20270,0.0
20273,0.0
20280,0.0
20288,0.0
20290,0.0
20293,0.0
20294,0.0
20297,0.0
20301,0.0
20305,0.0
20306,0.0
20309,0.0
20312,0.0
20313,0.0
20314,0.0
20318,0.0
20319,0.0
20320,0.0
20323,0.0
20326,0.0
20327,0.0
20328,0.0
20329,0.0
20331,0.0
20334,0.0
20335,0.0
20340,0.0
20341,0.0
20345,0.0
20351,0.0
20355,0.0
20356,0.0
20363,0.0
20365,0.0
20371,0.0
20376,0.0
20377,0.0
20378,0.0
20379,0.0
20380,0.0
20384,0.0
20386,0.0
20391,0.0
20399,0.0
20401,0.0
20406,0.0
20413,0.0
20417,0.0
20428,0.0
20430,0.0
20431,0.0
20432,0.0
20433,0.0
20436,0.0
20437,0.0
20441,0.0
20442,0.0
20443,0.0
20448,0.0
20450,0.0
20452,0.0
20456,0.0
20457,0.0
20458,0.0
20459,0.0
20463,0.0
20464,0.0
20467,0.0
20471,0.0
20473,0.0
20474,0.0
20477,0.0
20479,0.0
20482,0.0
20483,0.0
20485,0.0
20489,0.0
20490,0.0
20493,0.0
20502,0.0
20504,0.0
20506,0.0
20507,0.0
20508,0.0
20509,0.0
20512,0.0
20514,0.0
20515,0.0
20516,0.0
20520,0.0
20523,0.0
20525,0.0
20526,0.0
20527,0.0
20529,0.0
20532,0.0
20533,0.0
20536,0.0
20541,0.0
20545,0.0
20548,0.0
20553,0.0
20555,0.0
20558,0.0
20559,0.0
20562,0.0
20564,0.0
20567,0.0
20570,0.0
20573,0.0
20580,0.0
20585,0.0
20587,0.0
20592,0.0
20593,0.0
20595,0.0
20602,0.0
20607,0.0
20613,0.0
20621,0.0
20624,0.0
20634,0.0
20635,0.0
20637,0.0
20639,0.0
20640,0.0
20644,0.0
20649,0.0
20654,0.0
20657,0.0
20665,0.0
20667,0.0
20668,0.0
20669,0.0
20670,0.0
20672,0.0
20678,0.0
20679,0.0
20681,0.0
20684,0.0
20687,0.0
20689,0.0
20690,0.0
20700,0.0
20703,0.0
20706,0.0
20711,0.0
20714,0.0
20718,0.0
20719,0.0
20729,0.0
20730,0.0
20736,0.0
20738,0.0
20740,0.0
20744,0.0
20747,0.0
20751,0.0
20754,0.0
20756,0.0
20759,0.0
20762,0.0
20763,0.0
20774,0.0
20779,0.0
20782,0.0
20788,0.0
20790,0.0
20793,0.0
20794,0.0
20796,0.0
20797,0.0
20800,0.0
20804,0.0
20806,0.0
20818,0.0
20820,0.0
20824,0.0
20825,0.0
20827,0.0
20828,0.0
20829,0.0
20831,0.0
20834,0.0
20835,0.0
20839,0.0
20841,0.0
20846,0.0
20847,0.0
20848,0.0
20849,0.0
20851,0.0
20853,0.0
20858,0.0
20860,0.0
20864,0.0
20868,0.0
20875,0.0
20877,0.0
20886,0.0
20888,0.0
20900,0.0
20901,0.0
20907,0.0
20908,0.0
20910,0.0
20913,0.0
20916,0.0
20917,0.0
20920,0.0
20926,0.0
20928,0.0
20932,0.0
20934,0.0
20937,0.0
20938,0.0
20940,0.0
20946,0.0
20948,0.0
20956,0.0
20958,0.0
20959,0.0
20960,0.0
20962,0.0
20967,0.0
20972,0.0
20975,0.0
20978,0.0
20981,0.0
20983,0.0
20985,0.0
20988,0.0
20991,0.0
20992,0.0
20993,0.0
20995,0.0
20998,0.0
20999,0.0
21002,0.0
21004,0.0
21007,0.0
21009,0.0
21013,0.0
21016,0.0
21017,0.0
21027,0.0
21035,0.0
21036,0.0
21037,0.0
21038,0.0
21039,0.0
21041,0.0
21043,0.0
21052,0.0
21056,0.0
21058,0.0
21059,0.0
21062,0.0
21063,0.0
21064,0.0
21068,0.0
21069,0.0
21070,0.0
21073,0.0
21074,0.0
21078,0.0
21079,0.0
21081,0.0
21082,0.0
21089,0.0
21097,0.0
21100,0.0
21101,0.0
21104,0.0
21105,0.0
21107,0.0
21108,0.0
21114,0.0
21122,0.0
21124,0.0
21125,0.0
21128,0.0
21130,0.0
21132,0.0
21134,0.0
21137,0.0
21139,0.0
21140,0.0
21141,0.0
21144,0.0
21146,0.0
21148,0.0
21150,0.0
21151,0.0
21154,0.0
21155,0.0
21156,0.0
21158,0.0
21163,0.0
21170,0.0
21172,0.0
21173,0.0
21176,0.0
21177,0.0
21178,0.0
21182,0.0
21184,0.0
21186,0.0
21188,0.0
21190,0.0
21195,0.0
21196,0.0
21197,0.0
21201,0.0
21202,0.0
21206,0.0
21208,0.0
21210,0.0
21211,0.0
21214,0.0
21216,0.0
21227,0.0
21230,0.0
21231,0.0
21233,0.0
21234,0.0
21236,0.0
21239,0.0
21241,0.0
21242,0.0
21247,0.0
21250,0.0
21251,0.0
21253,0.0
21258,0.0
21259,0.0
21265,0.0
21268,0.0
21270,0.0
21273,0.0
21274,0.0
21280,0.0
21281,0.0
21282,0.0
21284,0.0
21286,0.0
21291,0.0
21292,0.0
21293,0.0
21294,0.0
21295,0.0
21298,0.0
21299,0.0
21301,0.0
21302,0.0
21303,0.0
21305,0.0
21309,0.0
21319,0.0
21321,0.0
21324,0.0
21325,0.0
21328,0.0
21331,0.0
21333,0.0
21338,0.0
21343,0.0
21349,0.0
21350,0.0
21366,0.0
21373,0.0
21378,0.0
21379,0.0
21386,0.0
21387,0.0
21390,0.0
21392,0.0
21393,0.0
21396,0.0
21398,0.0
21400,0.0
21404,0.0
21405,0.0
21407,0.0
21410,0.0
21418,0.0
21419,0.0
21421,0.0
21424,0.0
21426,0.0
21427,0.0
21429,0.0
21435,0.0
21437,0.0
21439,0.0
21440,0.0
21441,0.0
21448,0.0
21449,0.0
21453,0.0
21459,0.0
21464,0.0
21465,0.0
21466,0.0
21467,0.0
21472,0.0
21474,0.0
21475,0.0
21479,0.0
21485,0.0
21486,0.0
21488,0.0
21491,0.0
21497,0.0
21501,0.0
21505,0.0
21507,0.0
21509,0.0
21511,0.0
21515,0.0
21517,0.0
21519,0.0
21521,0.0
21522,0.0
21528,0.0
21529,0.0
21533,0.0
21536,0.0
21541,0.0
21548,0.0
21551,0.0
21552,0.0
21556,0.0
21561,0.0
21563,0.0
21564,0.0
21566,0.0
21570,0.0
21573,0.0
21576,0.0
21579,0.0
21580,0.0
21581,0.0
21582,0.0
21587,0.0
21589,0.0
21590,0.0
21592,0.0
21593,0.0
21594,0.0
21595,0.0
21599,0.0
21600,0.0
21601,0.0
21608,0.0
21609,0.0
21613,0.0
21615,0.0
21616,0.0
21617,0.0
21619,0.0
21622,0.0
21624,0.0
21629,0.0
21636,0.0
21644,0.0
21647,0.0
21650,0.0
21654,0.0
21655,0.0
21662,0.0
21663,0.0
21664,0.0
21669,0.0
21671,0.0
21674,0.0
21675,0.0
21678,0.0
21679,0.0
21680,0.0
21684,0.0
21691,0.0
21695,0.0
21699,0.0
21701,0.0
21704,0.0
21705,0.0
21708,0.0
21716,0.0
21717,0.0
21720,0.0
21725,0.0
21726,0.0
21728,0.0
21730,0.0
21732,0.0
21734,0.0
21737,0.0
21738,0.0
21739,0.0
21740,0.0
21741,0.0
21747,0.0
21748,0.0
21750,0.0
21752,0.0
21754,0.0
21759,0.0
21761,0.0
21762,0.0
21763,0.0
21766,0.0
21775,0.0
21780,0.0
21788,0.0
21789,0.0
21794,0.0
21796,0.0
21797,0.0
21800,0.0
21802,0.0
21803,0.0
21804,0.0
21807,0.0
21812,0.0
21813,0.0
21815,0.0
21817,0.0
21818,0.0
21821,0.0
21824,0.0
21826,0.0
21829,0.0
21838,0.0
21839,0.0
21843,0.0
21847,0.0
21849,0.0
21852,0.0
21853,0.0
21854,0.0
21855,0.0
21856,0.0
21864,0.0
21865,0.0
21867,0.0
21869,0.0
21871,0.0
21872,0.0
21877,0.0
21879,0.0
21881,0.0
21887,0.0
21888,0.0
21890,0.0
21891,0.0
21895,0.0
21897,0.0
21900,0.0
21901,0.0
21902,0.0
21903,0.0
21905,0.0
21906,0.0
21916,0.0
21918,0.0
21920,0.0
21921,0.0
21922,0.0
21931,0.0
21935,0.0
21944,0.0
21948,0.0
21954,0.0
21955,0.0
21959,0.0
21961,0.0
21962,0.0
21963,0.0
21965,0.0
21970,0.0
21972,0.0
21974,0.0
21977,0.0
21978,0.0
21979,0.0
21981,0.0
21982,0.0
21983,0.0
21985,0.0
21987,0.0
21989,0.0
21990,0.0
21991,0.0
21995,0.0
21997,0.0
21999,0.0
22002,0.0
22006,0.0
22009,0.0
22010,0.0
22014,0.0
22017,0.0
22021,0.0
22022,0.0
22023,0.0
22026,0.0
22027,0.0
22028,0.0
22030,0.0
22035,0.0
22038,0.0
22040,0.0
22042,0.0
22044,0.0
22050,0.0
22058,0.0
22060,0.0
22063,0.0
22065,0.0
22066,0.0
22068,0.0
22070,0.0
22071,0.0
22075,0.0
22077,0.0
22080,0.0
22082,0.0
22084,0.0
22085,0.0
22087,0.0
22088,0.0
22090,0.0
22091,0.0
22094,0.0
22096,0.0
22101,0.0
22107,0.0
22110,0.0
22113,0.0
22114,0.0
22115,0.0
22116,0.0
22117,0.0
22119,0.0
22124,0.0
22125,0.0
22127,0.0
22128,0.0
22134,0.0
22136,0.0
22142,0.0
22145,0.0
22146,0.0
22152,0.0
22153,0.0
22158,0.0
22163,0.0
22164,0.0
22165,0.0
22168,0.0
22169,0.0
22171,0.0
22173,0.0
22177,0.0
22185,0.0
22187,0.0
22188,0.0
22192,0.0
22194,0.0
22197,0.0
22201,0.0
22202,0.0
22207,0.0
22211,0.0
22215,0.0
22216,0.0
22222,0.0
22224,0.0
22230,0.0
22232,0.0
22233,0.0
22235,0.0
22239,0.0
22243,0.0
22244,0.0
22245,0.0
22250,0.0
22254,0.0
22255,0.0
22256,0.0
22263,0.0
22264,0.0
22267,0.0
22273,0.0
22274,0.0
22275,0.0
22276,0.0
22278,0.0
22280,0.0
22281,0.0
22283,0.0
22286,0.0
22287,0.0
22292,0.0
22311,0.0
22315,0.0
22318,0.0
22327,0.0
22328,0.0
22330,0.0
22332,0.0
22333,0.0
22335,0.0
22336,0.0
22337,0.0
22341,0.0
22343,0.0
22344,0.0
22347,0.0
22350,0.0
22353,0.0
22354,0.0
22358,0.0
22359,0.0
22362,0.0
22368,0.0
22374,0.0
22376,0.0
22381,0.0
22383,0.0
22387,0.0
22390,0.0
22394,0.0
22396,0.0
22406,0.0
22408,0.0
22414,0.0
22416,0.0
22417,0.0
22419,0.0
22422,0.0
22431,0.0
22432,0.0
22437,0.0
22440,0.0
22446,0.0
22447,0.0
22448,0.0
22450,0.0
22452,0.0
22454,0.0
22457,0.0
22463,0.0
22469,0.0
22470,0.0
22472,0.0
22473,0.0
22475,0.0
22481,0.0
22484,0.0
22485,0.0
22487,0.0
22491,0.0
22492,0.0
22497,0.0
22499,0.0
22504,0.0
22509,0.0
22510,0.0
22512,0.0
22513,0.0
22514,0.0
22517,0.0
22519,0.0
22520,0.0
22521,0.0
22525,0.0
22526,0.0
22527,0.0
22536,0.0
22539,0.0
22542,0.0
22543,0.0
22545,0.0
22548,0.0
22551,0.0
22560,0.0
22561,0.0
22563,0.0
22565,0.0
22567,0.0
22569,0.0
22570,0.0
22571,0.0
22574,0.0
22576,0.0
22577,0.0
22581,0.0
22587,0.0
22591,0.0
22594,0.0
22595,0.0
22596,0.0
22598,0.0
22601,0.0
22603,0.0
22605,0.0
22606,0.0
22607,0.0
22611,0.0
22615,0.0
22616,0.0
22617,0.0
22624,0.0
22628,0.0
22629,0.0
22632,0.0
22633,0.0
22636,0.0
22640,0.0
22644,0.0
22645,0.0
22655,0.0
22656,0.0
22657,0.0
22662,0.0
22668,0.0
22669,0.0
22684,0.0
22687,0.0
22690,0.0
22691,0.0
22693,0.0
22697,0.0
22704,0.0
22708,0.0
22715,0.0
22716,0.0
22721,0.0
22722,0.0
22730,0.0
22731,0.0
22734,0.0
22735,0.0
22736,0.0
22739,0.0
22741,0.0
22742,0.0
22744,0.0
22752,0.0
22753,0.0
22755,0.0
22756,0.0
22758,0.0
22760,0.0
22762,0.0
22763,0.0
22767,0.0
22768,0.0
22770,0.0
22776,0.0
22779,0.0
22781,0.0
22784,0.0
22785,0.0
22788,0.0
22789,0.0
22792,0.0
22794,0.0
22797,0.0
22798,0.0
22806,0.0
22814,0.0
22816,0.0
22817,0.0
22818,0.0
22820,0.0
22821,0.0
22822,0.0
22829,0.0
22835,0.0
22837,0.0
22838,0.0
22843,0.0
22847,0.0
22848,0.0
22851,0.0
22853,0.0
22854,0.0
22855,0.0
22859,0.0
22863,0.0
22864,0.0
22865,0.0
22866,0.0
22867,0.0
22869,0.0
22882,0.0
22889,0.0
22890,0.0
22893,0.0
22896,0.0
22897,0.0
22898,0.0
22902,0.0
22903,0.0
22909,0.0
22910,0.0
22915,0.0
22924,0.0
22926,0.0
22927,0.0
22929,0.0
22930,0.0
22931,0.0
22932,0.0
22934,0.0
22935,0.0
22937,0.0
22938,0.0
22942,0.0
22944,0.0
22950,0.0
22951,0.0
22955,0.0
22956,0.0
22969,0.0
22975,0.0
22977,0.0
22981,0.0
22987,0.0
22988,0.0
22992,0.0
22993,0.0
22994,0.0
22998,0.0
23000,0.0
23001,0.0
23003,0.0
23004,0.0
23005,0.0
23012,0.0
23020,0.0
23027,0.0
23028,0.0
23030,0.0
23032,0.0
23033,0.0
23041,0.0
23042,0.0
23046,0.0
23050,0.0
23052,0.0
23053,0.0
23078,0.0
23079,0.0
23080,0.0
23082,0.0
23084,0.0
23085,0.0
23086,0.0
23091,0.0
23101,0.0
23102,0.0
23105,0.0
23106,0.0
23108,0.0
23112,0.0
23122,0.0
23127,0.0
23129,0.0
23130,0.0
23139,0.0
23140,0.0
23141,0.0
23142,0.0
23145,0.0
23146,0.0
23149,0.0
23159,0.0
23161,0.0
23168,0.0
23169,0.0
23176,0.0
23179,0.0
23182,0.0
23185,0.0
23189,0.0
23190,0.0
23193,0.0
23195,0.0
23200,0.0
23201,0.0
23202,0.0
23205,0.0
23209,0.0
23212,0.0
23213,0.0
23215,0.0
23216,0.0
23217,0.0
23222,0.0
23223,0.0
23226,0.0
23228,0.0
23230,0.0
23233,0.0
23235,0.0
23239,0.0
23240,0.0
23241,0.0
23243,0.0
23245,0.0
23251,0.0
23252,0.0
23254,0.0
23259,0.0
23260,0.0
23262,0.0
23265,0.0
23270,0.0
23275,0.0
23277,0.0
23279,0.0
23280,0.0
23285,0.0
23292,0.0
23294,0.0
23297,0.0
23298,0.0
23304,0.0
23305,0.0
23312,0.0
23314,0.0
23319,0.0
23322,0.0
23327,0.0
23329,0.0
23330,0.0
23334,0.0
23341,0.0
23344,0.0
23345,0.0
23352,0.0
23354,0.0
23356,0.0
23362,0.0
23365,0.0
23369,0.0
23371,0.0
23372,0.0
23376,0.0
23377,0.0
23378,0.0
23381,0.0
23388,0.0
23389,0.0
23392,0.0
23393,0.0
23394,0.0
23398,0.0
23399,0.0
23400,0.0
23402,0.0
23403,0.0
23405,0.0
23406,0.0
23411,0.0
23412,0.0
23414,0.0
23415,0.0
23421,0.0
23422,0.0
23424,0.0
23431,0.0
23441,0.0
23443,0.0
23445,0.0
23449,0.0
23450,0.0
23455,0.0
23457,0.0
23458,0.0
23459,0.0
23460,0.0
23461,0.0
23462,0.0
23463,0.0
23465,0.0
23466,0.0
23467,0.0
23469,0.0
23471,0.0
23472,0.0
23473,0.0
23478,0.0
23480,0.0
23481,0.0
23482,0.0
23483,0.0
23489,0.0
23491,0.0
23492,0.0
23494,0.0
23497,0.0
23502,0.0
23504,0.0
23505,0.0
23506,0.0
23508,0.0
23510,0.0
23512,0.0
23514,0.0
23516,0.0
23521,0.0
23527,0.0
23528,0.0
23531,0.0
23533,0.0
23535,0.0
23536,0.0
23537,0.0
23538,0.0
23541,0.0
23545,0.0
23548,0.0
23567,0.0
23574,0.0
23575,0.0
23579,0.0
23587,0.0
23592,0.0
23593,0.0
23594,0.0
23595,0.0
23597,0.0
23598,0.0
23600,0.0
23603,0.0
23609,0.0
23610,0.0
23611,0.0
23612,0.0
23617,0.0
23620,0.0
23622,0.0
23625,0.0
23626,0.0
23629,0.0
23634,0.0
23635,0.0
23637,0.0
23639,0.0
23643,0.0
23646,0.0
23649,0.0
23650,0.0
23652,0.0
23653,0.0
23654,0.0
23656,0.0
23662,0.0
23665,0.0
23667,0.0
23668,0.0
23671,0.0
23675,0.0
23680,0.0
23681,0.0
23682,0.0
23683,0.0
23685,0.0
23686,0.0
23692,0.0
23695,0.0
23696,0.0
23697,0.0
23702,0.0
23708,0.0
23709,0.0
23710,0.0
23715,0.0
23717,0.0
23720,0.0
23723,0.0
23724,0.0
23725,0.0
23727,0.0
23729,0.0
23730,0.0
23734,0.0
23736,0.0
23741,0.0
23742,0.0
23743,0.0
23746,0.0
23747,0.0
23752,0.0
23754,0.0
23760,0.0
23761,0.0
23766,0.0
23767,0.0
23775,0.0
23785,0.0
23789,0.0
23793,0.0
23799,0.0
23800,0.0
23801,0.0
23804,0.0
23805,0.0
23807,0.0
23811,0.0
23814,0.0
23815,0.0
23816,0.0
23826,0.0
23827,0.0
23830,0.0
23831,0.0
23835,0.0
23836,0.0
23837,0.0
23840,0.0
23842,0.0
23844,0.0
23851,0.0
23852,0.0
23853,0.0
23860,0.0
23866,0.0
23871,0.0
23873,0.0
23881,0.0
23882,0.0
23886,0.0
23887,0.0
23888,0.0
23900,0.0
23903,0.0
23905,0.0
23906,0.0
23908,0.0
23911,0.0
23913,0.0
23921,0.0
23931,0.0
23935,0.0
23937,0.0
23940,0.0
23943,0.0
23945,0.0
23948,0.0
23950,0.0
23953,0.0
23955,0.0
23957,0.0
23960,0.0
23963,0.0
23966,0.0
23970,0.0
23973,0.0
23974,0.0
23975,0.0
23979,0.0
23982,0.0
23984,0.0
23985,0.0
23989,0.0
23991,0.0
23994,0.0
24003,0.0
24005,0.0
24007,0.0
24009,0.0
24010,0.0
24016,0.0
24018,0.0
24022,0.0
24023,0.0
24024,0.0
24026,0.0
24028,0.0
24030,0.0
24031,0.0
24033,0.0
24036,0.0
24037,0.0
24038,0.0
24039,0.0
24040,0.0
24042,0.0
24044,0.0
24048,0.0
24049,0.0
24050,0.0
24059,0.0
24062,0.0
24076,0.0
24081,0.0
24085,0.0
24087,0.0
24092,0.0
24093,0.0
24095,0.0
24097,0.0
24101,0.0
24107,0.0
24109,0.0
24110,0.0
24115,0.0
24116,0.0
24117,0.0
24127,0.0
24128,0.0
24139,0.0
24142,0.0
24148,0.0
24152,0.0
24153,0.0
24158,0.0
24159,0.0
24160,0.0
24165,0.0
24174,0.0
24175,0.0
24176,0.0
24180,0.0
24185,0.0
24186,0.0
24188,0.0
24191,0.0
24195,0.0
24201,0.0
24203,0.0
24204,0.0
24206,0.0
24207,0.0
24209,0.0
24212,0.0
24215,0.0
24218,0.0
24219,0.0
24220,0.0
24222,0.0
24223,0.0
24224,0.0
24227,0.0
24228,0.0
24233,0.0
24236,0.0
24240,0.0
24242,0.0
24244,0.0
24251,0.0
24252,0.0
24254,0.0
24256,0.0
24257,0.0
24258,0.0
24259,0.0
24261,0.0
24268,0.0
24269,0.0
24272,0.0
24282,0.0
24285,0.0
24288,0.0
24290,0.0
24295,0.0
24299,0.0
24304,0.0
24308,0.0
24313,0.0
24315,0.0
24320,0.0
24321,0.0
24327,0.0
24333,0.0
24337,0.0
24338,0.0
24342,0.0
24344,0.0
24345,0.0
24346,0.0
24351,0.0
24353,0.0
24360,0.0
24365,0.0
24366,0.0
24371,0.0
24375,0.0
24378,0.0
24382,0.0
24391,0.0
24392,0.0
24394,0.0
24397,0.0
24400,0.0
24403,0.0
24409,0.0
24421,0.0
24426,0.0
24427,0.0
24428,0.0
24429,0.0
24432,0.0
24433,0.0
24434,0.0
24435,0.0
24437,0.0
24443,0.0
24444,0.0
24448,0.0
24449,0.0
24450,0.0
24455,0.0
24456,0.0
24459,0.0
24462,0.0
24466,0.0
24467,0.0
24470,0.0
24478,0.0
24479,0.0
24480,0.0
24481,0.0
24483,0.0
24485,0.0
24486,0.0
24488,0.0
24490,0.0
24497,0.0
24499,0.0
24505,0.0
24510,0.0
24513,0.0
24515,0.0
24516,0.0
24519,0.0
24520,0.0
24521,0.0
24523,0.0
24526,0.0
24529,0.0
24534,0.0
24536,0.0
24537,0.0
24544,0.0
24546,0.0
24549,0.0
24553,0.0
24555,0.0
24559,0.0
24563,0.0
24564,0.0
24571,0.0
24574,0.0
24575,0.0
24580,0.0
24581,0.0
24582,0.0
24592,0.0
24593,0.0
24602,0.0
24603,0.0
24605,0.0
24614,0.0
24615,0.0
24618,0.0
24619,0.0
24623,0.0
24630,0.0
24631,0.0
24636,0.0
24638,0.0
24639,0.0
24641,0.0
24642,0.0
24648,0.0
24649,0.0
24650,0.0
24651,0.0
24652,0.0
24655,0.0
24657,0.0
24658,0.0
24660,0.0
24662,0.0
24665,0.0
24668,0.0
24670,0.0
24671,0.0
24673,0.0
24675,0.0
24683,0.0
24684,0.0
24685,0.0
24686,0.0
24689,0.0
24690,0.0
24691,0.0
24693,0.0
24694,0.0
24698,0.0
24699,0.0
24703,0.0
24705,0.0
24708,0.0
24709,0.0
24711,0.0
24712,0.0
24713,0.0
24716,0.0
24718,0.0
24720,0.0
24722,0.0
24728,0.0
24731,0.0
24736,0.0
24742,0.0
24744,0.0
24745,0.0
24751,0.0
24752,0.0
24754,0.0
24755,0.0
24757,0.0
24760,0.0
24767,0.0
24768,0.0
24770,0.0
24775,0.0
24783,0.0
24787,0.0
24791,0.0
24792,0.0
24793,0.0
24797,0.0
24798,0.0
24799,0.0
24803,0.0
24804,0.0
24806,0.0
24807,0.0
24808,0.0
24810,0.0
24813,0.0
24824,0.0
24826,0.0
24831,0.0
24832,0.0
24838,0.0
24847,0.0
24850,0.0
24856,0.0
24857,0.0
24865,0.0
24866,0.0
24873,0.0
24878,0.0
24883,0.0
24886,0.0
24887,0.0
24889,0.0
24890,0.0
24894,0.0
24898,0.0
24899,0.0
24900,0.0
24904,0.0
24913,0.0
24916,0.0
24917,0.0
24919,0.0
24920,0.0
24924,0.0
24927,0.0
24929,0.0
24932,0.0
24936,0.0
24940,0.0
24951,0.0
24953,0.0
24960,0.0
24961,0.0
24964,0.0
24968,0.0
24970,0.0
24971,0.0
24973,0.0
24975,0.0
24979,0.0
24980,0.0
24982,0.0
24983,0.0
24985,0.0
24986,0.0
24991,0.0
24996,0.0
24998,0.0
25002,0.0
25004,0.0
25016,0.0
25017,0.0
25018,0.0
25020,0.0
25021,0.0
25022,0.0
25025,0.0
25027,0.0
25029,0.0
25032,0.0
25035,0.0
25036,0.0
25038,0.0
25040,0.0
25043,0.0
25046,0.0
25047,0.0
25049,0.0
25056,0.0
25058,0.0
25061,0.0
25065,0.0
25074,0.0
25075,0.0
25077,0.0
25079,0.0
25081,0.0
25088,0.0
25089,0.0
25091,0.0
25092,0.0
25093,0.0
25095,0.0
25096,0.0
25098,0.0
25111,0.0
25121,0.0
25126,0.0
25128,0.0
25130,0.0
25131,0.0
25132,0.0
25134,0.0
25136,0.0
25140,0.0
25141,0.0
25145,0.0
25148,0.0
25150,0.0
25151,0.0
25157,0.0
25159,0.0
25166,0.0
25170,0.0
25171,0.0
25172,0.0
25175,0.0
25185,0.0
25188,0.0
25189,0.0
25193,0.0
25195,0.0
25196,0.0
25198,0.0
25202,0.0
25208,0.0
25211,0.0
25228,0.0
25229,0.0
25230,0.0
25243,0.0
25244,0.0
25246,0.0
25251,0.0
25252,0.0
25253,0.0
25255,0.0
25257,0.0
25266,0.0
25267,0.0
25272,0.0
25274,0.0
25276,0.0
25280,0.0
25283,0.0
25285,0.0
25290,0.0
25292,0.0
25295,0.0
25296,0.0
25307,0.0
25311,0.0
25314,0.0
25315,0.0
25316,0.0
25321,0.0
25330,0.0
25336,0.0
25339,0.0
25341,0.0
25342,0.0
25348,0.0
25351,0.0
25353,0.0
25356,0.0
25360,0.0
25364,0.0
25365,0.0
25366,0.0
25368,0.0
25376,0.0
25378,0.0
25380,0.0
25384,0.0
25385,0.0
25387,0.0
25388,0.0
25389,0.0
25391,0.0
25394,0.0
25399,0.0
25403,0.0
25406,0.0
25413,0.0
25415,0.0
25418,0.0
25420,0.0
25422,0.0
25423,0.0
25426,0.0
25428,0.0
25429,0.0
25430,0.0
25436,0.0
25441,0.0
25443,0.0
25449,0.0
25454,0.0
25455,0.0
25458,0.0
25460,0.0
25472,0.0
25476,0.0
25478,0.0
25479,0.0
25481,0.0
25483,0.0
25484,0.0
25486,0.0
25487,0.0
25488,0.0
25489,0.0
25490,0.0
25492,0.0
25504,0.0
25505,0.0
25507,0.0
25510,0.0
25511,0.0
25512,0.0
25513,0.0
25516,0.0
25518,0.0
25519,0.0
25520,0.0
25525,0.0
25526,0.0
25529,0.0
25532,0.0
25537,0.0
25538,0.0
25540,0.0
25541,0.0
25545,0.0
25549,0.0
25552,0.0
25553,0.0
25559,0.0
25562,0.0
25563,0.0
25568,0.0
25571,0.0
25572,0.0
25573,0.0
25578,0.0
25581,0.0
25583,0.0
25584,0.0
25587,0.0
25588,0.0
25590,0.0
25591,0.0
25593,0.0
25594,0.0
25595,0.0
25599,0.0
25602,0.0
25606,0.0
25617,0.0
25618,0.0
25620,0.0
25621,0.0
25625,0.0
25635,0.0
25642,0.0
25643,0.0
25645,0.0
25646,0.0
25652,0.0
25656,0.0
25659,0.0
25662,0.0
25668,0.0
25669,0.0
25672,0.0
25675,0.0
25676,0.0
25680,0.0
25681,0.0
25684,0.0
25685,0.0
25688,0.0
25692,0.0
25694,0.0
25697,0.0
25705,0.0
25708,0.0
25709,0.0
25710,0.0
25713,0.0
25721,0.0
25725,0.0
25731,0.0
25732,0.0
25733,0.0
25734,0.0
25737,0.0
25740,0.0
25742,0.0
25743,0.0
25744,0.0
25745,0.0
25748,0.0
25757,0.0
25761,0.0
25766,0.0
25768,0.0
25772,0.0
25775,0.0
25777,0.0
25779,0.0
25780,0.0
25782,0.0
25786,0.0
25787,0.0
25788,0.0
25791,0.0
25795,0.0
25800,0.0
25802,0.0
25805,0.0
25807,0.0
25816,0.0
25818,0.0
25819,0.0
25820,0.0
25822,0.0
25828,0.0
25829,0.0
25832,0.0
25834,0.0
25838,0.0
25841,0.0
25844,0.0
25845,0.0
25848,0.0
25849,0.0
25857,0.0
25858,0.0
25860,0.0
25863,0.0
25866,0.0
25876,0.0
25881,0.0
25889,0.0
25892,0.0
25897,0.0
25900,0.0
25901,0.0
25903,0.0
25905,0.0
25908,0.0
25914,0.0
25920,0.0
25922,0.0
25923,0.0
25925,0.0
25930,0.0
25932,0.0
25933,0.0
25936,0.0
25937,0.0
25940,0.0
25948,0.0
25949,0.0
25950,0.0
25952,0.0
25955,0.0
25959,0.0
25963,0.0
25966,0.0
25972,0.0
25973,0.0
25974,0.0
25977,0.0
25978,0.0
25979,0.0
25983,0.0
25986,0.0
25992,0.0
26000,0.0
26002,0.0
26004,0.0
26006,0.0
26008,0.0
26012,0.0
26014,0.0
26016,0.0
26017,0.0
26018,0.0
26020,0.0
26021,0.0
26022,0.0
26024,0.0
26025,0.0
26028,0.0
26029,0.0
26031,0.0
26032,0.0
26034,0.0
26035,0.0
26036,0.0
26037,0.0
26042,0.0
26043,0.0
26044,0.0
26046,0.0
26047,0.0
26050,0.0
26052,0.0
26053,0.0
26054,0.0
26056,0.0
26057,0.0
26058,0.0
26062,0.0
26064,0.0
26067,0.0
26073,0.0
26074,0.0
26078,0.0
26080,0.0
26081,0.0
26082,0.0
26087,0.0
26090,0.0
26092,0.0
26097,0.0
26098,0.0
26099,0.0
26100,0.0
26104,0.0
26105,0.0
26110,0.0
26112,0.0
26113,0.0
26121,0.0
26122,0.0
26125,0.0
26126,0.0
26130,0.0
26131,0.0
26132,0.0
26134,0.0
26135,0.0
26137,0.0
26142,0.0
26143,0.0
26153,0.0
26158,0.0
26159,0.0
26161,0.0
26162,0.0
26171,0.0
26172,0.0
26177,0.0
26182,0.0
26188,0.0
26192,0.0
26193,0.0
26197,0.0
26200,0.0
26201,0.0
26202,0.0
26207,0.0
26210,0.0
26212,0.0
26214,0.0
26215,0.0
26217,0.0
26218,0.0
26221,0.0
26226,0.0
26231,0.0
26232,0.0
26233,0.0
26234,0.0
26235,0.0
26237,0.0
26238,0.0
26239,0.0
26248,0.0
26250,0.0
26251,0.0
26259,0.0
26265,0.0
26269,0.0
26273,0.0
26276,0.0
26278,0.0
26279,0.0
26285,0.0
26286,0.0
26291,0.0
26292,0.0
26297,0.0
26298,0.0
